Protein,Cluster
ABCA2,mclust1
ABCC10,mclust1
ABCD4,mclust1
ABHD13,mclust1
ABHD17C,mclust1
ACPL2,mclust1
ANGEL1,mclust1
AP1AR,mclust1
ARFRP1,mclust1
ARL8A,mclust1
ARL8B,mclust1
ATG9A,mclust1
ATL2,mclust1
ATL3,mclust1
ATP11B,mclust1
ATP13A2,mclust1
ATP2C1,mclust1
ATP6V0A1,mclust1
ATP6V0A2,mclust1
ATP6V0D1,mclust1
ATP7B,mclust1
ATP9A,mclust1
ATP9B,mclust1
B3GALT6,mclust1
B3GAT3,mclust1
B3GNT1,mclust1
B3GNT2,mclust1
B4GALT1,mclust1
B4GALT3,mclust1
B4GALT4,mclust1
B4GALT5,mclust1
BACE2,mclust1
BET1,mclust1
BET1L,mclust1
C17orf59,mclust1
C1GALT1,mclust1
C1GALT1C1,mclust1
C3orf58,mclust1
C5orf15,mclust1
C6orf47,mclust1
CANT1,mclust1
CASC4,mclust1
CCDC14,mclust1
CCDC61,mclust1
CCDC77,mclust1
CD63,mclust1
CHPF,mclust1
CHST11,mclust1
CHST12,mclust1
CHST14,mclust1
CHST3,mclust1
CHSY1,mclust1
CLCN2,mclust1
CLCN3,mclust1
CLCN5,mclust1
CLCN6,mclust1
CLCN7,mclust1
CLN3,mclust1
CPD,mclust1
DAGLB,mclust1
DHX30,mclust1
DNAJC13,mclust1
DNAJC5,mclust1
DZIP3,mclust1
EBAG9,mclust1
ECE1,mclust1
ECT2,mclust1
EFCAB14,mclust1
ENDOD1,mclust1
ENTPD4,mclust1
ENTPD6,mclust1
ERGIC1,mclust1
ERGIC2,mclust1
ERGIC3,mclust1
ESYT1,mclust1
ESYT2,mclust1
EXTL3,mclust1
FAM134A,mclust1
FAM134C,mclust1
FAM177A1,mclust1
FAM3C,mclust1
FAM47E-STBD1,mclust1
FAM69A,mclust1
FASTK,mclust1
FKRP,mclust1
FKTN,mclust1
FRRS1,mclust1
FURIN,mclust1
FUT8,mclust1
GALNT1,mclust1
GALNT10,mclust1
GALNT11,mclust1
GALNT2,mclust1
GALNT7,mclust1
GBA,mclust1
GCNT1,mclust1
GINM1,mclust1
GLCE,mclust1
GLG1,mclust1
GLT8D1,mclust1
GNPTAB,mclust1
GOLGA2,mclust1
GOLGA5,mclust1
GOLGB1,mclust1
GOLIM4,mclust1
GOLM1,mclust1
GOLT1B,mclust1
GORASP1,mclust1
GORASP2,mclust1
GOSR1,mclust1
GPR107,mclust1
GPR108,mclust1
GPR180,mclust1
GPRC5A,mclust1
HERC2,mclust1
HS2ST1,mclust1
HS6ST2,mclust1
IGF2R,mclust1
IL13RA1,mclust1
IMPAD1,mclust1
INPP5K,mclust1
ITFG1,mclust1
ITM2B,mclust1
ITM2C,mclust1
JTB,mclust1
KIAA0319L,mclust1
KIAA0753,mclust1
KIAA1147,mclust1
KIAA1467,mclust1
KIAA1919,mclust1
LAMA5,mclust1
LAMP1,mclust1
LAMP2,mclust1
LAMTOR1,mclust1
LAMTOR3,mclust1
LAPTM4A,mclust1
LDLR,mclust1
LEPROTL1,mclust1
LMAN1,mclust1
LMAN2,mclust1
LMAN2L,mclust1
LMBRD1,mclust1
LMBRD2,mclust1
LMTK2,mclust1
LNPEP,mclust1
LOH12CR1,mclust1
LRCH4,mclust1
LRP1,mclust1
LRP10,mclust1
LRP12,mclust1
LRP8,mclust1
M6PR,mclust1
MAN1A2,mclust1
MAN1B1,mclust1
MAN2A1,mclust1
MAN2A2,mclust1
MANEA,mclust1
MBTPS1,mclust1
MDK,mclust1
MEGF9,mclust1
MFSD1,mclust1
MFSD6,mclust1
MFSD8,mclust1
MGAT1,mclust1
MGAT2,mclust1
MGAT4B,mclust1
MGAT5,mclust1
MREG,mclust1
MUC1,mclust1
MYCBP2,mclust1
MYOF,mclust1
NAGPA,mclust1
NDFIP1,mclust1
NDFIP2,mclust1
NDST1,mclust1
NEURL4,mclust1
NIPA2,mclust1
NPC1,mclust1
NSF,mclust1
P2RX4,mclust1
PGAP2,mclust1
PI4K2A,mclust1
PI4K2B,mclust1
PLD1,mclust1
PMEPA1,mclust1
PODXL,mclust1
POMGNT1,mclust1
PPM1L,mclust1
PSEN2,mclust1
PTPRJ,mclust1
PTTG1IP,mclust1
QSOX2,mclust1
RAB11A,mclust1
RAB11FIP5,mclust1
RAB14,mclust1
RAB1A,mclust1
RAB1B,mclust1
RAB2A,mclust1
RAB2B,mclust1
RAB30,mclust1
RAB32,mclust1
RAB33B,mclust1
RAB43,mclust1
RAB4A,mclust1
RAB6A,mclust1
RAB9A,mclust1
RABAC1,mclust1
REEP3,mclust1
REEP5,mclust1
RER1,mclust1
RFFL,mclust1
RHBDD3,mclust1
RNF13,mclust1
RTN3,mclust1
RTN4,mclust1
SCAMP1,mclust1
SCAMP2,mclust1
SCAMP3,mclust1
SCAMP4,mclust1
SCARB2,mclust1
SCFD1,mclust1
SEC22A,mclust1
SEMA3C,mclust1
SEMA4C,mclust1
SERINC3,mclust1
SEZ6L2,mclust1
SFT2D2,mclust1
SFT2D3,mclust1
SGMS1,mclust1
SGMS2,mclust1
SIDT2,mclust1
SLC10A3,mclust1
SLC10A7,mclust1
SLC11A2,mclust1
SLC12A4,mclust1
SLC12A9,mclust1
SLC15A4,mclust1
SLC2A13,mclust1
SLC2A6,mclust1
SLC30A5,mclust1
SLC30A6,mclust1
SLC30A7,mclust1
SLC31A1,mclust1
SLC35A1,mclust1
SLC35A2,mclust1
SLC35A5,mclust1
SLC35B2,mclust1
SLC35B3,mclust1
SLC35C1,mclust1
SLC35C2,mclust1
SLC35F5,mclust1
SLC35F6,mclust1
SLC38A1,mclust1
SLC38A10,mclust1
SLC38A9,mclust1
SLC41A1,mclust1
SLC9A6,mclust1
SLC9A7,mclust1
SLC9A8,mclust1
SNX13,mclust1
SNX14,mclust1
SNX19,mclust1
SNX25,mclust1
SORT1,mclust1
SPPL2A,mclust1
SPRY1,mclust1
SPRYD3,mclust1
SPRYD7,mclust1
ST3GAL1,mclust1
ST3GAL4,mclust1
STARD3,mclust1
STARD3NL,mclust1
STOM,mclust1
STX10,mclust1
STX12,mclust1
STX16,mclust1
STX3,mclust1
STX5,mclust1
STX6,mclust1
STX7,mclust1
STX8,mclust1
SYNGR2,mclust1
SYPL1,mclust1
SYS1,mclust1
TBC1D31,mclust1
TCIRG1,mclust1
TEX2,mclust1
TFRC,mclust1
TGOLN2,mclust1
TM9SF2,mclust1
TM9SF3,mclust1
TM9SF4,mclust1
TMCO3,mclust1
TMED1,mclust1
TMED10,mclust1
TMED2,mclust1
TMED3,mclust1
TMED4,mclust1
TMED5,mclust1
TMED9,mclust1
TMEM106B,mclust1
TMEM106C,mclust1
TMEM115,mclust1
TMEM123,mclust1
TMEM134,mclust1
TMEM165,mclust1
TMEM168,mclust1
TMEM179B,mclust1
TMEM181,mclust1
TMEM184C,mclust1
TMEM192,mclust1
TMEM206,mclust1
TMEM248,mclust1
TMEM30A,mclust1
TMEM55A,mclust1
TMEM55B,mclust1
TMEM59,mclust1
TMEM63A,mclust1
TMEM63B,mclust1
TMEM87A,mclust1
TMEM87B,mclust1
TMEM9,mclust1
TMEM9B,mclust1
TNFRSF21,mclust1
TPCN1,mclust1
TPRG1L,mclust1
TPST1,mclust1
TSPAN3,mclust1
TSPAN4,mclust1
TTC3,mclust1
TTYH3,mclust1
UBIAD1,mclust1
UGCG,mclust1
USP12,mclust1
UXS1,mclust1
VAMP3,mclust1
VAMP4,mclust1
VAMP7,mclust1
WDFY1,mclust1
VSIG10,mclust1
VTI1A,mclust1
WWP2,mclust1
XYLT2,mclust1
YIF1A,mclust1
YIF1B,mclust1
YIPF1,mclust1
YIPF2,mclust1
YIPF3,mclust1
YIPF4,mclust1
YIPF5,mclust1
ZC3HAV1,mclust1
ZDHHC13,mclust1
ZDHHC17,mclust1
ZDHHC3,mclust1
ZDHHC7,mclust1
ZDHHC9,mclust1
ZFPL1,mclust1
ZFYVE27,mclust1
ABL1,mclust10
ACTR10,mclust10
AGFG1,mclust10
AJUBA,mclust10
AKAP12,mclust10
AMOTL2,mclust10
ARCN1,mclust10
ASB8,mclust10
ASNA1,mclust10
ATG4C,mclust10
BAG6,mclust10
BRCC3,mclust10
BUB1,mclust10
C10orf88,mclust10
C12orf4,mclust10
C1orf198,mclust10
CCDC97,mclust10
CCNB1,mclust10
CDC25B,mclust10
CDC42,mclust10
CDC42EP4,mclust10
CDR2L,mclust10
CEP112,mclust10
CEP192,mclust10
CMTR2,mclust10
CNTRL,mclust10
COG4,mclust10
COPB2,mclust10
COPG1,mclust10
COPS4,mclust10
COPS7A,mclust10
COPZ1,mclust10
CUL1,mclust10
CYTH1,mclust10
CYTH3,mclust10
DCTN4,mclust10
DENND4C,mclust10
DEPDC5,mclust10
DIP2A,mclust10
DIP2B,mclust10
DIS3L,mclust10
DNA2,mclust10
DSCR3,mclust10
DTNBP1,mclust10
DUSP14,mclust10
DYRK1A,mclust10
EEF1B2,mclust10
EEF1D,mclust10
EEF1G,mclust10
EIF2AK4,mclust10
EML3,mclust10
FAM160A2,mclust10
FCHSD2,mclust10
FGFR1OP,mclust10
GGA1,mclust10
GGA3,mclust10
GOLGA3,mclust10
GOLPH3L,mclust10
GTF3A,mclust10
HDAC7,mclust10
IMPDH1,mclust10
IQSEC2,mclust10
KLHL26,mclust10
KPNA4,mclust10
KRT80,mclust10
MAF1,mclust10
MAP4K3,mclust10
MICAL3,mclust10
MMADHC,mclust10
MTMR1,mclust10
MYO9A,mclust10
NCK2,mclust10
NDE1,mclust10
NDEL1,mclust10
NGLY1,mclust10
NMT2,mclust10
PCID2,mclust10
PDCD2,mclust10
PHACTR4,mclust10
PHLPP1,mclust10
PHLPP2,mclust10
PIH1D1,mclust10
PLCB3,mclust10
PPP1CB,mclust10
PPP2R5C,mclust10
PRKAR1B,mclust10
PRMT5,mclust10
PTP4A2,mclust10
R3HDM2,mclust10
RAD51,mclust10
RALGAPA2,mclust10
RBX1,mclust10
RDX,mclust10
RNF126,mclust10
RNF216,mclust10
SCLT1,mclust10
SHCBP1,mclust10
SMAD5,mclust10
SNX15,mclust10
SNX9,mclust10
SRGAP1,mclust10
SRP68,mclust10
SRP72,mclust10
STRAP,mclust10
SYNJ1,mclust10
SYNRG,mclust10
SZRD1,mclust10
TAF7,mclust10
TANC1,mclust10
TBC1D5,mclust10
TGFBRAP1,mclust10
THG1L,mclust10
TRAF3IP1,mclust10
TTC5,mclust10
UBP1,mclust10
UBQLN1,mclust10
UBR1,mclust10
UBR3,mclust10
VARS,mclust10
VCP,mclust10
WDR61,mclust10
WDR7,mclust10
WDR77,mclust10
WDR92,mclust10
WDTC1,mclust10
VPS13C,mclust10
VPS26A,mclust10
VPS35,mclust10
VPS52,mclust10
WWC3,mclust10
XPO5,mclust10
ZNF511,mclust10
AAK1,mclust11
ABHD14B,mclust11
ABL2,mclust11
ACAP2,mclust11
AHCYL1,mclust11
AHSA1,mclust11
AIP,mclust11
ALKBH8,mclust11
ANXA11,mclust11
ARHGAP17,mclust11
ARHGAP35,mclust11
ARHGEF10,mclust11
ARHGEF10L,mclust11
ARMC6,mclust11
ARPC5,mclust11
ATG12,mclust11
ATG16L1,mclust11
ATG2B,mclust11
ATG5,mclust11
ATXN7L3B,mclust11
BAX,mclust11
BCAR1,mclust11
BCAS3,mclust11
BID,mclust11
BIN1,mclust11
BPNT1,mclust11
BRAF,mclust11
BUB1B,mclust11
C12orf23,mclust11
C6orf106,mclust11
CACYBP,mclust11
CCDC50,mclust11
CCS,mclust11
CDAN1,mclust11
CDC123,mclust11
CDC37,mclust11
CEP85,mclust11
CHKA,mclust11
CHM,mclust11
CIAO1,mclust11
CNN2,mclust11
COL4A3BP,mclust11
CPNE3,mclust11
CSK,mclust11
CTPS2,mclust11
CXorf38,mclust11
DDX58,mclust11
DIAPH1,mclust11
DNAJC7,mclust11
DNM2,mclust11
EFTUD1,mclust11
EIF4EBP2,mclust11
ETF1,mclust11
FAIM,mclust11
FAM105B,mclust11
FBXO30,mclust11
FER,mclust11
FNBP1,mclust11
FNBP1L,mclust11
FPGT,mclust11
GABARAPL1,mclust11
GLRX,mclust11
GNB1L,mclust11
GPN1,mclust11
GPSM1,mclust11
GPX4,mclust11
GSK3A,mclust11
GSK3B,mclust11
HEBP1,mclust11
HOOK3,mclust11
HSPB8,mclust11
HSPBP1,mclust11
IMPA1,mclust11
IMPACT,mclust11
INPP4A,mclust11
INPPL1,mclust11
IRAK4,mclust11
IRS1,mclust11
IST1,mclust11
ITPA,mclust11
KIAA1279,mclust11
KIF21A,mclust11
KIF3B,mclust11
KLC2,mclust11
KLC4,mclust11
KNTC1,mclust11
LIMD1,mclust11
LRSAM1,mclust11
MALT1,mclust11
MAP3K7,mclust11
MAP4K5,mclust11
MAST4,mclust11
MKL1,mclust11
MKL2,mclust11
MSTO1,mclust11
MTMR12,mclust11
MTR,mclust11
MYO9B,mclust11
N4BP1,mclust11
NANP,mclust11
NCK1,mclust11
NDC80,mclust11
NECAP1,mclust11
NECAP2,mclust11
NEK7,mclust11
NFKB1,mclust11
NFKB2,mclust11
NR3C1,mclust11
NSUN6,mclust11
NT5C3B,mclust11
NUDT14,mclust11
OSBPL2,mclust11
OXR1,mclust11
PACSIN2,mclust11
PAK1,mclust11
PAK2,mclust11
PALLD,mclust11
PANK4,mclust11
PARVA,mclust11
PASK,mclust11
PBK,mclust11
PDCD10,mclust11
PDCD2L,mclust11
PHACTR2,mclust11
PHGDH,mclust11
PI4KB,mclust11
PIK3CA,mclust11
PITPNA,mclust11
PITPNB,mclust11
PLCG1,mclust11
PLS3,mclust11
PMVK,mclust11
PPCS,mclust11
PPIP5K2,mclust11
PPM1F,mclust11
PPP2R1A,mclust11
PPP2R5D,mclust11
PPP4R1,mclust11
PPP6R1,mclust11
PRKCA,mclust11
PRTFDC1,mclust11
PRUNE,mclust11
PTPN11,mclust11
PTPN12,mclust11
RABGAP1L,mclust11
RABIF,mclust11
RABL6,mclust11
RALGPS2,mclust11
RAPH1,mclust11
RASA1,mclust11
RBCK1,mclust11
REL,mclust11
RELB,mclust11
RHEB,mclust11
RIN3,mclust11
RNF123,mclust11
RNF25,mclust11
ROCK1,mclust11
ROCK2,mclust11
RPS6KA1,mclust11
RRM2,mclust11
RWDD2B,mclust11
SAR1A,mclust11
SAR1B,mclust11
SASH1,mclust11
SH2D4A,mclust11
SH3BP2,mclust11
SH3GL1,mclust11
SH3PXD2B,mclust11
SKA1,mclust11
SKA2,mclust11
SLK,mclust11
SMAD2,mclust11
SOS1,mclust11
SOWAHC,mclust11
SPC24,mclust11
SRR,mclust11
SRXN1,mclust11
SSH3,mclust11
STAT1,mclust11
SUGT1,mclust11
SWAP70,mclust11
TAB2,mclust11
TANK,mclust11
TAX1BP3,mclust11
TBC1D1,mclust11
TBC1D2,mclust11
TBC1D2B,mclust11
TBCC,mclust11
THADA,mclust11
TIPRL,mclust11
TLN1,mclust11
TNIP1,mclust11
TOM1L1,mclust11
TRAF2,mclust11
TRAFD1,mclust11
TRIM47,mclust11
TRIP10,mclust11
TRIP6,mclust11
TSTD1,mclust11
TSTD2,mclust11
TTC4,mclust11
TUFT1,mclust11
UBAP1,mclust11
UBE2R2,mclust11
UBXN2B,mclust11
UNC13D,mclust11
USP24,mclust11
USP25,mclust11
VASP,mclust11
WDR45,mclust11
VIPAS39,mclust11
WIPI2,mclust11
WNK1,mclust11
VPS25,mclust11
VPS33B,mclust11
VTA1,mclust11
YKT6,mclust11
ZFYVE19,mclust11
ZYX,mclust11
AACS,mclust12
AARS,mclust12
ABRACL,mclust12
ACOT11,mclust12
ACP1,mclust12
ACYP1,mclust12
ADH5,mclust12
ADI1,mclust12
ADRBK1,mclust12
AFP,mclust12
AK1,mclust12
ALDH1A3,mclust12
ALDOA,mclust12
AMPD2,mclust12
ANKS1A,mclust12
ANXA1,mclust12
ANXA5,mclust12
ARHGDIA,mclust12
ARHGDIB,mclust12
ASMTL,mclust12
ATG3,mclust12
ATG4B,mclust12
ATG7,mclust12
ATIC,mclust12
BCL10,mclust12
C12orf29,mclust12
C12orf5,mclust12
C14orf119,mclust12
C16orf13,mclust12
C16orf70,mclust12
C6orf211,mclust12
CAPN1,mclust12
CAPN2,mclust12
CAPNS1,mclust12
CAPS,mclust12
CBL,mclust12
CBR3,mclust12
CBS,mclust12
CCDC43,mclust12
CDC25C,mclust12
CDV3,mclust12
CFL1,mclust12
CHML,mclust12
CHMP4B,mclust12
CHORDC1,mclust12
CKB,mclust12
CLIC1,mclust12
CLIC4,mclust12
CLIP1,mclust12
CMPK1,mclust12
CNDP2,mclust12
CRABP2,mclust12
CRLF3,mclust12
CRTC1,mclust12
CSTB,mclust12
CTH,mclust12
CTPS1,mclust12
CTU2,mclust12
DBI,mclust12
DBNDD1,mclust12
DBNL,mclust12
DENR,mclust12
DHFR,mclust12
DLGAP5,mclust12
DNAAF2,mclust12
DPH2,mclust12
DPH3,mclust12
DPP3,mclust12
DPYD,mclust12
DRG2,mclust12
DSTN,mclust12
EEF1A1,mclust12
EEF2,mclust12
EEF2K,mclust12
ELP4,mclust12
ENO1,mclust12
ENO3,mclust12
ENSA,mclust12
ERCC6L,mclust12
FAH,mclust12
FAM107B,mclust12
FKBPL,mclust12
G6PD,mclust12
GARS,mclust12
GART,mclust12
GBP2,mclust12
GCLM,mclust12
GDI2,mclust12
GGCT,mclust12
GLOD4,mclust12
GMFB,mclust12
GNPDA2,mclust12
GPI,mclust12
GSN,mclust12
GSPT1,mclust12
HARS,mclust12
HMGCS1,mclust12
HS1BP3,mclust12
HSPB1,mclust12
IDH1,mclust12
IFIT5,mclust12
IRF3,mclust12
ITPKC,mclust12
KIAA0513,mclust12
KIAA1598,mclust12
KIF15,mclust12
KIF5B,mclust12
LASP1,mclust12
LDHB,mclust12
LMCD1,mclust12
LPP,mclust12
LTA4H,mclust12
LZIC,mclust12
LZTFL1,mclust12
MAP2K1,mclust12
MDH1,mclust12
METTL2B,mclust12
MKNK1,mclust12
MLKL,mclust12
MPI,mclust12
MVK,mclust12
NDRG2,mclust12
NFKBIB,mclust12
NQO1,mclust12
NQO2,mclust12
NRD1,mclust12
NUDC,mclust12
NUDCD2,mclust12
NUDT1,mclust12
NUDT15,mclust12
OLA1,mclust12
PANK2,mclust12
PANK3,mclust12
PBDC1,mclust12
PDE5A,mclust12
PDLIM5,mclust12
PEBP1,mclust12
PEPD,mclust12
PFN2,mclust12
PGAM1,mclust12
PGK1,mclust12
PGM1,mclust12
PHPT1,mclust12
PIR,mclust12
PKM,mclust12
PMM2,mclust12
PPA1,mclust12
PPAT,mclust12
PPM1B,mclust12
PPME1,mclust12
PPP5C,mclust12
PRDX6,mclust12
PREP,mclust12
PRMT3,mclust12
PRPS2,mclust12
PTGR1,mclust12
PXN,mclust12
RABGGTA,mclust12
RABGGTB,mclust12
RANBP1,mclust12
RAP1GDS1,mclust12
RBBP9,mclust12
RBKS,mclust12
RNF14,mclust12
RNF146,mclust12
RPA3-AS1,mclust12
RPE,mclust12
RRM2B,mclust12
RWDD1,mclust12
SCRN1,mclust12
SEPSECS,mclust12
SH3RF1,mclust12
SMAP1,mclust12
SMS,mclust12
SMYD2,mclust12
SMYD5,mclust12
SOD1,mclust12
SPAG9,mclust12
STK4,mclust12
STMN1,mclust12
STMN2,mclust12
TACC3,mclust12
TAGLN2,mclust12
TARS,mclust12
TBCB,mclust12
TBCE,mclust12
TFG,mclust12
THUMPD3,mclust12
TP53I3,mclust12
TPMT,mclust12
TPT1,mclust12
TRIM5,mclust12
TSC22D1,mclust12
TSC22D2,mclust12
TTL,mclust12
TUBA4A,mclust12
TUBB,mclust12
TUBB4B,mclust12
TUBB6,mclust12
TXNRD1,mclust12
UAP1,mclust12
UBE2O,mclust12
UROS,mclust12
USP4,mclust12
USP47,mclust12
WARS,mclust12
VCL,mclust12
VPS37B,mclust12
VPS4B,mclust12
XPNPEP1,mclust12
YAE1D1,mclust12
YWHAQ,mclust12
YWHAZ,mclust12
ZBTB8OS,mclust12
ZNF259,mclust12
AASDHPPT,mclust13
ACAT2,mclust13
ACBD6,mclust13
ACLY,mclust13
ACSS2,mclust13
ADAT2,mclust13
ADAT3,mclust13
ADK,mclust13
ADO,mclust13
ADPRHL2,mclust13
ADSL,mclust13
AHCY,mclust13
AKR1A1,mclust13
ALKBH3,mclust13
AMDHD2,mclust13
ANKRD54,mclust13
APRT,mclust13
ARIH1,mclust13
ARIH2,mclust13
ASPSCR1,mclust13
ASS1,mclust13
ATE1,mclust13
ATG13,mclust13
ATXN3,mclust13
BAG3,mclust13
BDH2,mclust13
BLVRB,mclust13
BORA,mclust13
BROX,mclust13
BTF3,mclust13
BTF3L4,mclust13
C10orf118,mclust13
C11orf68,mclust13
C12orf10,mclust13
C12orf57,mclust13
C14orf142,mclust13
C1orf50,mclust13
C20orf27,mclust13
C9orf16,mclust13
C9orf64,mclust13
CASP7,mclust13
CAST,mclust13
CBFB,mclust13
CBR1,mclust13
CC2D1B,mclust13
CCBL1,mclust13
CCDC25,mclust13
CCDC6,mclust13
CCDC85C,mclust13
CCDC91,mclust13
CD2AP,mclust13
CDK1,mclust13
CDK6,mclust13
CHMP5,mclust13
CIAPIN1,mclust13
CKS2,mclust13
CLUH,mclust13
CMBL,mclust13
CNOT4,mclust13
CRBN,mclust13
CRK,mclust13
CRKL,mclust13
CRTC2,mclust13
CRTC3,mclust13
CTNNBIP1,mclust13
CTTNBP2NL,mclust13
CUEDC2,mclust13
CYB5R4,mclust13
DAK,mclust13
DCTD,mclust13
DCTPP1,mclust13
DCUN1D1,mclust13
DDAH1,mclust13
DDI2,mclust13
DFFA,mclust13
DNAJB4,mclust13
DOHH,mclust13
DPH5,mclust13
DPH7,mclust13
DTD1,mclust13
DUSP12,mclust13
DUSP3,mclust13
EDF1,mclust13
EIF1AD,mclust13
EIF4H,mclust13
EIF6,mclust13
EML4,mclust13
ENAH,mclust13
ENOPH1,mclust13
ERC1,mclust13
ERF,mclust13
FAM168A,mclust13
FAM175B,mclust13
FBLIM1,mclust13
FBXO3,mclust13
FBXW5,mclust13
FDPS,mclust13
FKBP3,mclust13
FKBP4,mclust13
FLNA,mclust13
FLNB,mclust13
FOXO3,mclust13
FSCN1,mclust13
GALE,mclust13
GALK1,mclust13
GALK2,mclust13
GAPDH,mclust13
GBE1,mclust13
GLRX3,mclust13
GLUL,mclust13
GMPPA,mclust13
GMPPB,mclust13
GMPR2,mclust13
GNB5,mclust13
GNPNAT1,mclust13
GPCPD1,mclust13
GRIPAP1,mclust13
GSR,mclust13
GSS,mclust13
GSTO1,mclust13
HDAC4,mclust13
HDAC8,mclust13
HDDC2,mclust13
HDHD1,mclust13
HELB,mclust13
HSBP1,mclust13
HSP90AA1,mclust13
HSP90AB1,mclust13
HSPA14,mclust13
HSPA4,mclust13
HSPA4L,mclust13
HSPH1,mclust13
IAH1,mclust13
IDE,mclust13
IDI1,mclust13
IFT27,mclust13
INPP1,mclust13
IRF9,mclust13
KHK,mclust13
KLHL36,mclust13
LGALSL,mclust13
LYSMD2,mclust13
MAGI3,mclust13
MAP4,mclust13
MAPK1,mclust13
MAPK12,mclust13
MAPK14,mclust13
MAPK8,mclust13
MAPK9,mclust13
MAPRE1,mclust13
MAT2A,mclust13
MAT2B,mclust13
MEMO1,mclust13
METTL5,mclust13
MGEA5,mclust13
MIEN1,mclust13
MIF4GD,mclust13
MOB2,mclust13
MOCS2,mclust13
MRI1,mclust13
MTMR2,mclust13
MVD,mclust13
NAA10,mclust13
NAA50,mclust13
NACA,mclust13
NAE1,mclust13
NAGK,mclust13
NAMPT,mclust13
NANS,mclust13
NAP1L4,mclust13
NARS,mclust13
NAT1,mclust13
NDOR1,mclust13
NIF3L1,mclust13
NIT2,mclust13
NME1,mclust13
NMI,mclust13
NPEPL1,mclust13
NPEPPS,mclust13
NRBP1,mclust13
NSFL1C,mclust13
NSMAF,mclust13
NT5C2,mclust13
NT5DC1,mclust13
NTAN1,mclust13
NUB1,mclust13
NUDCD1,mclust13
NUDT16,mclust13
NUDT2,mclust13
OARD1,mclust13
OGFR,mclust13
OTUB1,mclust13
PAAF1,mclust13
PANK1,mclust13
PAPSS2,mclust13
PARK7,mclust13
PCNA,mclust13
PCYT2,mclust13
PDAP1,mclust13
PDE6D,mclust13
PDXP,mclust13
PEX19,mclust13
PFAS,mclust13
PFDN1,mclust13
PFDN2,mclust13
PFDN5,mclust13
PFDN6,mclust13
PFKFB2,mclust13
PFKL,mclust13
PFN1,mclust13
PGM2,mclust13
PGM2L1,mclust13
PGM3,mclust13
PGP,mclust13
PHYKPL,mclust13
PIN4,mclust13
PLAA,mclust13
PLEKHA2,mclust13
PM20D2,mclust13
PMM1,mclust13
PNPO,mclust13
PPIA,mclust13
PPID,mclust13
PPM1A,mclust13
PPP1R11,mclust13
PPP1R14B,mclust13
PPP1R2,mclust13
PPP1R7,mclust13
PPP2R2A,mclust13
PPP2R4,mclust13
PPP4C,mclust13
PRDX1,mclust13
PROSC,mclust13
PSMD9,mclust13
PSMG1,mclust13
PSMG4,mclust13
PTGES3,mclust13
PYGL,mclust13
PYROXD1,mclust13
QDPR,mclust13
RABEP1,mclust13
RABEPK,mclust13
RAD23A,mclust13
RAD23B,mclust13
RAN,mclust13
RNPEP,mclust13
RWDD4,mclust13
S100A6,mclust13
SBDS,mclust13
SCRN3,mclust13
Sep-10,mclust13
Sep-11,mclust13
Sep-02,mclust13
Sep-03,mclust13
Sep-07,mclust13
Sep-09,mclust13
SERPINB1,mclust13
SETD7,mclust13
SGTA,mclust13
SH3D19,mclust13
SH3KBP1,mclust13
SKA3,mclust13
SMAD4,mclust13
SORBS3,mclust13
SORD,mclust13
SPA17,mclust13
SRI,mclust13
SRM,mclust13
SSNA1,mclust13
SSU72,mclust13
ST13,mclust13
STAMBP,mclust13
STIP1,mclust13
TAB1,mclust13
TACC2,mclust13
TALDO1,mclust13
TANGO2,mclust13
TATDN1,mclust13
TATDN3,mclust13
TBC1D13,mclust13
TBPL1,mclust13
TCEB1,mclust13
TECPR2,mclust13
TEX30,mclust13
THOP1,mclust13
TK1,mclust13
TOMM34,mclust13
TPI1,mclust13
TPM1,mclust13
TPM2,mclust13
TPM3,mclust13
TPM4,mclust13
TRIM21,mclust13
TRIM65,mclust13
TSTA3,mclust13
TTLL12,mclust13
TWF2,mclust13
TXLNA,mclust13
TXLNG,mclust13
TXNL1,mclust13
TYW5,mclust13
UAP1L1,mclust13
UBA1,mclust13
UBA6,mclust13
UBAC1,mclust13
UBE2A,mclust13
UBE2B,mclust13
UBE2C,mclust13
UBE2G1,mclust13
UBE2H,mclust13
UBE2K,mclust13
UBE2L3,mclust13
UBFD1,mclust13
UBL7,mclust13
UBXN1,mclust13
UCK2,mclust13
UGDH,mclust13
UNC119,mclust13
UNC119B,mclust13
UPRT,mclust13
UROD,mclust13
USP13,mclust13
USP15,mclust13
USP5,mclust13
USP8,mclust13
VBP1,mclust13
VCPIP1,mclust13
WDR1,mclust13
WDR44,mclust13
WDR53,mclust13
WDSUB1,mclust13
WDYHV1,mclust13
XIAP,mclust13
YAP1,mclust13
YARS,mclust13
YWHAB,mclust13
YWHAE,mclust13
YWHAG,mclust13
YWHAH,mclust13
ZFAND1,mclust13
ZWINT,mclust13
ACAD9,mclust14
ATP5S,mclust14
ATPAF1,mclust14
C1orf226,mclust14
C1QBP,mclust14
CASK,mclust14
CLPB,mclust14
CMC2,mclust14
COQ9,mclust14
CPT2,mclust14
CTNNB1,mclust14
CTNND1,mclust14
DLG1,mclust14
DTNB,mclust14
EPB41,mclust14
ERAL1,mclust14
ERBB2IP,mclust14
ETFA,mclust14
FARP2,mclust14
FASTKD1,mclust14
FASTKD2,mclust14
FASTKD5,mclust14
GCSH,mclust14
GLS,mclust14
GTF2IRD1,mclust14
GUF1,mclust14
HIP1,mclust14
JUP,mclust14
L2HGDH,mclust14
LEMD2,mclust14
LRRC1,mclust14
LYRM1,mclust14
LYRM7,mclust14
MACROD1,mclust14
MGME1,mclust14
MMAB,mclust14
MPP6,mclust14
MPP7,mclust14
MRPL14,mclust14
MTERFD2,mclust14
MTHFD1L,mclust14
NDUFAB1,mclust14
NDUFAF7,mclust14
NSUN4,mclust14
NUBPL,mclust14
PDK1,mclust14
PDSS1,mclust14
PDSS2,mclust14
PKP2,mclust14
PKP4,mclust14
PTCD2,mclust14
PTGES2,mclust14
PYCR1,mclust14
PYCR2,mclust14
RACGAP1,mclust14
SCRIB,mclust14
SNTB2,mclust14
SSBP1,mclust14
SUPV3L1,mclust14
TARS2,mclust14
TBRG4,mclust14
TRAP1,mclust14
TRMT10C,mclust14
TRMT2B,mclust14
TUFM,mclust14
UTRN,mclust14
WARS2,mclust14
VWA8,mclust14
YBEY,mclust14
ABCB10,mclust15
ABCB7,mclust15
ABCB8,mclust15
ADCK1,mclust15
ADCK3,mclust15
ADCK4,mclust15
AFG3L2,mclust15
AGK,mclust15
AGPAT5,mclust15
AIFM1,mclust15
AKAP1,mclust15
APOO,mclust15
APOOL,mclust15
ARMC10,mclust15
ARMCX3,mclust15
ATAD1,mclust15
ATAD3A,mclust15
ATAD3B,mclust15
ATP5A1,mclust15
ATP5B,mclust15
ATP5C1,mclust15
ATP5D,mclust15
ATP5F1,mclust15
ATP5H,mclust15
ATP5I,mclust15
ATP5J,mclust15
ATP5O,mclust15
ATP5SL,mclust15
BAK1,mclust15
BBC3,mclust15
BCL2L1,mclust15
BCL2L13,mclust15
BCS1L,mclust15
BDH1,mclust15
BNIP3,mclust15
C11orf83,mclust15
C12orf73,mclust15
C17orf80,mclust15
C19orf52,mclust15
C19orf70,mclust15
C2orf47,mclust15
C3orf33,mclust15
C4orf29,mclust15
C9orf89,mclust15
CCDC109B,mclust15
CCDC127,mclust15
CCDC51,mclust15
CCDC90B,mclust15
CEP128,mclust15
CHCHD3,mclust15
CHCHD6,mclust15
CHDH,mclust15
CISD1,mclust15
COA1,mclust15
COA3,mclust15
COMTD1,mclust15
COQ2,mclust15
COX10,mclust15
COX11,mclust15
COX14,mclust15
COX15,mclust15
COX16,mclust15
COX18,mclust15
COX20,mclust15
COX4I1,mclust15
COX5B,mclust15
COX6B1,mclust15
COX6C,mclust15
COX7A2,mclust15
COX7A2L,mclust15
COX7B,mclust15
COX7C,mclust15
CPT1A,mclust15
CYC1,mclust15
DHODH,mclust15
DNAJA3,mclust15
DNAJC11,mclust15
DNAJC19,mclust15
DNAJC30,mclust15
ECSIT,mclust15
ETFDH,mclust15
EXD2,mclust15
EXOG,mclust15
FAM162A,mclust15
FAM173A,mclust15
FAM173B,mclust15
FAM210A,mclust15
FAM73A,mclust15
FAM73B,mclust15
FBXL4,mclust15
FOXRED1,mclust15
FUNDC2,mclust15
GDAP1,mclust15
GHITM,mclust15
GPAM,mclust15
GPD2,mclust15
GTPBP6,mclust15
GTPBP8,mclust15
HADHA,mclust15
HADHB,mclust15
HAX1,mclust15
HCCS,mclust15
HSDL1,mclust15
IMMP2L,mclust15
IMMT,mclust15
LETM1,mclust15
Mar-02,mclust15
Mar-05,mclust15
MAVS,mclust15
MCL1,mclust15
MCU,mclust15
MCUR1,mclust15
MFF,mclust15
MFN1,mclust15
MFN2,mclust15
MGST3,mclust15
MICU1,mclust15
MICU2,mclust15
MIEF1,mclust15
MKKS,mclust15
MPV17L2,mclust15
MRS2,mclust15
MTCH1,mclust15
MTCH2,mclust15
MT-CO1,mclust15
MT-CO2,mclust15
MTFR1,mclust15
MTFR1L,mclust15
MTFR2,mclust15
MTPAP,mclust15
MTX1,mclust15
MTX2,mclust15
MTX3,mclust15
MUL1,mclust15
MYO19,mclust15
NDUFA10,mclust15
NDUFA12,mclust15
NDUFA2,mclust15
NDUFA3,mclust15
NDUFA4,mclust15
NDUFA5,mclust15
NDUFA8,mclust15
NDUFAF1,mclust15
NDUFAF2,mclust15
NDUFAF3,mclust15
NDUFAF4,mclust15
NDUFB1,mclust15
NDUFB10,mclust15
NDUFB11,mclust15
NDUFB3,mclust15
NDUFB4,mclust15
NDUFB5,mclust15
NDUFB6,mclust15
NDUFB7,mclust15
NDUFB8,mclust15
NDUFB9,mclust15
NDUFC2,mclust15
NDUFS1,mclust15
NDUFS2,mclust15
NDUFS3,mclust15
NDUFS4,mclust15
NDUFS5,mclust15
NDUFS6,mclust15
NDUFS7,mclust15
NDUFS8,mclust15
NDUFV1,mclust15
NDUFV2,mclust15
NDUFV3,mclust15
NLRX1,mclust15
NME3,mclust15
NNT,mclust15
OCIAD1,mclust15
OCIAD2,mclust15
ODF2,mclust15
OMA1,mclust15
OPA1,mclust15
OXA1L,mclust15
PARL,mclust15
PDF,mclust15
PET117,mclust15
PGAM5,mclust15
PGS1,mclust15
PHB,mclust15
PHB2,mclust15
PISD,mclust15
PLGRKT,mclust15
PNKD,mclust15
PNPLA8,mclust15
PTPMT1,mclust15
RDH13,mclust15
RHOT1,mclust15
RHOT2,mclust15
RMDN2,mclust15
RMDN3,mclust15
RMND1,mclust15
SAMM50,mclust15
SCCPDH,mclust15
SCO1,mclust15
SCO2,mclust15
SDHA,mclust15
SDHB,mclust15
SERAC1,mclust15
SETD9,mclust15
SFXN1,mclust15
SFXN2,mclust15
SFXN3,mclust15
SFXN4,mclust15
SLC25A1,mclust15
SLC25A12,mclust15
SLC25A13,mclust15
SLC25A15,mclust15
SLC25A19,mclust15
SLC25A22,mclust15
SLC25A24,mclust15
SLC25A25,mclust15
SLC25A3,mclust15
SLC25A35,mclust15
SLC25A36,mclust15
SLC25A46,mclust15
SLC25A5,mclust15
SLC25A6,mclust15
SLC30A9,mclust15
SMIM12,mclust15
SMIM4,mclust15
SPG7,mclust15
SQRDL,mclust15
STOML2,mclust15
SURF1,mclust15
SYNJ2BP,mclust15
TAMM41,mclust15
TDRKH,mclust15
TFAM,mclust15
TIMM10,mclust15
TIMM17B,mclust15
TIMM21,mclust15
TIMM22,mclust15
TIMM44,mclust15
TIMM50,mclust15
TIMMDC1,mclust15
TMEM11,mclust15
TMEM126A,mclust15
TMEM126B,mclust15
TMEM141,mclust15
TMEM177,mclust15
TMEM186,mclust15
TMEM223,mclust15
TMEM65,mclust15
TMEM70,mclust15
TOMM20,mclust15
TOMM22,mclust15
TOMM40,mclust15
TOMM5,mclust15
TOMM70A,mclust15
TRABD,mclust15
TSPO,mclust15
UQCC1,mclust15
UQCR10,mclust15
UQCRB,mclust15
UQCRC1,mclust15
UQCRC2,mclust15
UQCRFS1,mclust15
UQCRH,mclust15
UQCRQ,mclust15
USMG5,mclust15
USP30,mclust15
VDAC1,mclust15
VDAC2,mclust15
VDAC3,mclust15
YME1L1,mclust15
ABCD3,mclust2
ABHD12,mclust2
ABHD2,mclust2
ABHD6,mclust2
ACBD4,mclust2
ACBD5,mclust2
ACSL3,mclust2
ADAM15,mclust2
ADAM9,mclust2
ADIPOR2,mclust2
AGPAT3,mclust2
AGPAT6,mclust2
AGPAT9,mclust2
ALDH3A2,mclust2
ALG1,mclust2
ALG11,mclust2
ALG3,mclust2
ALG5,mclust2
ALG6,mclust2
AMIGO2,mclust2
ANKRD46,mclust2
ANO10,mclust2
ANO6,mclust2
ANO8,mclust2
APH1A,mclust2
AREL1,mclust2
ARL13B,mclust2
ARV1,mclust2
ASPH,mclust2
ATP11A,mclust2
ATP11C,mclust2
ATP13A1,mclust2
ATP13A3,mclust2
ATP2A2,mclust2
ATP6AP1,mclust2
ATP7A,mclust2
BCAP29,mclust2
BCAP31,mclust2
BMPR1A,mclust2
BNIP1,mclust2
BSCL2,mclust2
C17orf62,mclust2
C18orf32,mclust2
C1orf159,mclust2
C1orf27,mclust2
C20orf24,mclust2
C2CD2,mclust2
C4orf3,mclust2
CAMLG,mclust2
CANX,mclust2
CCDC115,mclust2
CCDC47,mclust2
CCPG1,mclust2
CD47,mclust2
CD81,mclust2
CDK5RAP3,mclust2
CDKAL1,mclust2
CDON,mclust2
CERK,mclust2
CGRRF1,mclust2
CHPT1,mclust2
CIB1,mclust2
CKAP4,mclust2
CLCC1,mclust2
CLDND1,mclust2
CLPTM1,mclust2
CLPTM1L,mclust2
CNEP1R1,mclust2
CNNM3,mclust2
CNST,mclust2
CRELD1,mclust2
CYB5B,mclust2
CYB5R3,mclust2
CYP20A1,mclust2
CYP51A1,mclust2
DCBLD2,mclust2
DDOST,mclust2
DDRGK1,mclust2
DEGS1,mclust2
DERL2,mclust2
DHCR24,mclust2
DHCR7,mclust2
DHRS1,mclust2
DHRS3,mclust2
DHRS7,mclust2
DHRSX,mclust2
DNAJB12,mclust2
DNAJB14,mclust2
DNAJC1,mclust2
DNAJC16,mclust2
DNAJC25,mclust2
DPM1,mclust2
DPY19L1,mclust2
DPY19L3,mclust2
DPY19L4,mclust2
EFNB1,mclust2
EIF2AK3,mclust2
ELMOD2,mclust2
ELOVL1,mclust2
EMC10,mclust2
EMC3,mclust2
EMC4,mclust2
EMP2,mclust2
EPHX1,mclust2
ERLEC1,mclust2
ERLIN1,mclust2
ERLIN2,mclust2
ERMP1,mclust2
EXT2,mclust2
FADS1,mclust2
FAF2,mclust2
FAM8A1,mclust2
FAR1,mclust2
FDFT1,mclust2
FKBP8,mclust2
FLOT1,mclust2
FLOT2,mclust2
FNDC3A,mclust2
FNDC3B,mclust2
GDE1,mclust2
GDPD1,mclust2
GDPD3,mclust2
GGCX,mclust2
GLIPR2,mclust2
GNPAT,mclust2
GRAMD1A,mclust2
GRAMD3,mclust2
GRAMD4,mclust2
HLA-A,mclust2
HLA-C,mclust2
HLA-E,mclust2
HLA-F,mclust2
HM13,mclust2
HMOX2,mclust2
HSD17B11,mclust2
HSD17B12,mclust2
HSD17B7,mclust2
IFNAR1,mclust2
IFNGR1,mclust2
IKBIP,mclust2
IL17RC,mclust2
IL6ST,mclust2
ILVBL,mclust2
INSIG2,mclust2
ITPR2,mclust2
ITPR3,mclust2
JAGN1,mclust2
KDSR,mclust2
KIAA1715,mclust2
KTN1,mclust2
LACTB,mclust2
LEPROT,mclust2
LPCAT1,mclust2
LPCAT2,mclust2
LPCAT4,mclust2
LPGAT1,mclust2
LRRC59,mclust2
LSS,mclust2
LTBR,mclust2
LYSMD3,mclust2
MANBAL,mclust2
MBLAC2,mclust2
MBOAT2,mclust2
MBOAT7,mclust2
METTL7A,mclust2
METTL9,mclust2
MIA3,mclust2
MICAL2,mclust2
MLEC,mclust2
MMGT1,mclust2
MOSPD2,mclust2
MRPL17,mclust2
MRPL34,mclust2
MRPL41,mclust2
MTDH,mclust2
MXRA7,mclust2
MYADM,mclust2
NAT14,mclust2
NBAS,mclust2
NCEH1,mclust2
NCLN,mclust2
NFXL1,mclust2
NOMO1,mclust2
NSDHL,mclust2
NT5E,mclust2
NUS1,mclust2
OSBPL8,mclust2
OSMR,mclust2
PARP16,mclust2
PBXIP1,mclust2
PCNX,mclust2
PCYOX1,mclust2
PEX10,mclust2
PEX11B,mclust2
PEX14,mclust2
PEX16,mclust2
PGAP1,mclust2
PGRMC2,mclust2
PIGG,mclust2
PIGK,mclust2
PIGN,mclust2
PIGP,mclust2
PIGU,mclust2
PKD2,mclust2
PLAUR,mclust2
PLXNA1,mclust2
PLXNA2,mclust2
PLXNA3,mclust2
PLXND1,mclust2
POMK,mclust2
PON2,mclust2
PRR11,mclust2
PTDSS1,mclust2
PTDSS2,mclust2
PTPLA,mclust2
PTPLAD1,mclust2
PTPN1,mclust2
PTRH2,mclust2
RAB10,mclust2
RAB15,mclust2
RAB18,mclust2
RAB20,mclust2
RAB27A,mclust2
RAB27B,mclust2
RAB7A,mclust2
RAB7L1,mclust2
RAB8B,mclust2
RABL3,mclust2
RALB,mclust2
RAP2B,mclust2
RCE1,mclust2
RDH11,mclust2
RDH14,mclust2
RHOB,mclust2
RNF170,mclust2
RNF19A,mclust2
RNF5,mclust2
RP2,mclust2
RPN1,mclust2
RPN2,mclust2
RRAS2,mclust2
S1PR2,mclust2
SACM1L,mclust2
SCD,mclust2
SCD5,mclust2
SCFD2,mclust2
SDC4,mclust2
SEC11A,mclust2
SEC61B,mclust2
SEC62,mclust2
SEC63,mclust2
SEL1L,mclust2
SERINC5,mclust2
SGPL1,mclust2
SGPP1,mclust2
SLC12A6,mclust2
SLC20A2,mclust2
SLC22A5,mclust2
SLC23A2,mclust2
SLC27A1,mclust2
SLC27A4,mclust2
SLC33A1,mclust2
SLC35E1,mclust2
SLC37A4,mclust2
SLC38A2,mclust2
SLC39A7,mclust2
SLMAP,mclust2
SMIM19,mclust2
SMPD2,mclust2
SOAT1,mclust2
SPCS1,mclust2
SPCS2,mclust2
SPCS3,mclust2
SPTLC2,mclust2
SQLE,mclust2
SREBF1,mclust2
SREBF2,mclust2
SRPR,mclust2
SRPRB,mclust2
SSR1,mclust2
SSR3,mclust2
SSR4,mclust2
STIM1,mclust2
STRA6,mclust2
STS,mclust2
STT3A,mclust2
STT3B,mclust2
STX18,mclust2
SUCO,mclust2
SURF4,mclust2
SYVN1,mclust2
TAP1,mclust2
TAP2,mclust2
TAPT1,mclust2
TBC1D20,mclust2
TBL2,mclust2
TECR,mclust2
TEX264,mclust2
THEM6,mclust2
TMCO1,mclust2
TMEM120A,mclust2
TMEM120B,mclust2
TMEM128,mclust2
TMEM131,mclust2
TMEM147,mclust2
TMEM161A,mclust2
TMEM161B,mclust2
TMEM164,mclust2
TMEM222,mclust2
TMEM230,mclust2
TMEM245,mclust2
TMEM38B,mclust2
TMEM39B,mclust2
TMEM40,mclust2
TMEM43,mclust2
TMEM57,mclust2
TMEM67,mclust2
TMEM97,mclust2
TMPPE,mclust2
TMTC2,mclust2
TMTC3,mclust2
TMUB2,mclust2
TMX1,mclust2
TMX2,mclust2
TMX3,mclust2
TNFRSF1A,mclust2
TOR1AIP2,mclust2
TRAM1,mclust2
TRAM2,mclust2
TSPAN14,mclust2
TTC13,mclust2
TXNDC15,mclust2
TYW1,mclust2
UBAC2,mclust2
UBE2G2,mclust2
UBE2J1,mclust2
UBXN4,mclust2
UFL1,mclust2
ULBP3,mclust2
UNC93B1,mclust2
USE1,mclust2
USP33,mclust2
VAPA,mclust2
VAPB,mclust2
VEZT,mclust2
WFS1,mclust2
VIMP,mclust2
WLS,mclust2
VMP1,mclust2
ZDHHC20,mclust2
ZMPSTE24,mclust2
ABCD1,mclust3
ABHD16A,mclust3
ACSL1,mclust3
ACSL4,mclust3
AGRN,mclust3
AMFR,mclust3
ANKLE2,mclust3
AP2A2,mclust3
AP2M1,mclust3
APLP2,mclust3
APMAP,mclust3
APP,mclust3
ARHGAP39,mclust3
ARHGEF40,mclust3
ARL6IP5,mclust3
ASAH1,mclust3
ATF6,mclust3
ATP6AP2,mclust3
ATRN,mclust3
AUP1,mclust3
B2M,mclust3
BLZF1,mclust3
BTBD9,mclust3
C10orf35,mclust3
C12orf49,mclust3
C16orf58,mclust3
C2CD2L,mclust3
C2orf43,mclust3
C6orf89,mclust3
CCDC134,mclust3
CCDC167,mclust3
CD109,mclust3
CD55,mclust3
CDK17,mclust3
CDS2,mclust3
CELSR3,mclust3
CERS2,mclust3
CHMP6,mclust3
CHPF2,mclust3
CHRNA5,mclust3
CISD2,mclust3
CNP,mclust3
COQ3,mclust3
COQ7,mclust3
CRIM1,mclust3
CRTAP,mclust3
CUX1,mclust3
CYB5A,mclust3
CYB5D2,mclust3
CYR61,mclust3
DAG1,mclust3
DDR1,mclust3
DDX28,mclust3
DGCR2,mclust3
DHDDS,mclust3
DLAT,mclust3
DLG5,mclust3
DNAJB11,mclust3
DNAJC10,mclust3
DNAJC3,mclust3
DOCK9,mclust3
DPM3,mclust3
ECI2,mclust3
EDEM2,mclust3
EDEM3,mclust3
EMC1,mclust3
EMC7,mclust3
EMC8,mclust3
ERN1,mclust3
FAM20B,mclust3
FAM64A,mclust3
FASTKD3,mclust3
FAT1,mclust3
FGFRL1,mclust3
FZD2,mclust3
GADD45GIP1,mclust3
GBA2,mclust3
GOLGA1,mclust3
GPR126,mclust3
GPR56,mclust3
GRSF1,mclust3
GTPBP10,mclust3
HINT3,mclust3
HMGCR,mclust3
HPSE,mclust3
HTATIP2,mclust3
IGSF8,mclust3
JAK2,mclust3
JPH1,mclust3
KIAA0100,mclust3
KIAA0922,mclust3
KIAA1522,mclust3
KRAS,mclust3
LAMB3,mclust3
LCLAT1,mclust3
LEPRE1,mclust3
LLGL2,mclust3
LMLN,mclust3
LRP11,mclust3
LRP5,mclust3
Mar-06,mclust3
MFI2,mclust3
MGRN1,mclust3
MRM1,mclust3
MRPL1,mclust3
MRPL11,mclust3
MRPL13,mclust3
MRPL15,mclust3
MRPL18,mclust3
MRPL19,mclust3
MRPL2,mclust3
MRPL21,mclust3
MRPL22,mclust3
MRPL24,mclust3
MRPL27,mclust3
MRPL28,mclust3
MRPL3,mclust3
MRPL39,mclust3
MRPL40,mclust3
MRPL42,mclust3
MRPL43,mclust3
MRPL45,mclust3
MRPL46,mclust3
MRPL47,mclust3
MRPL48,mclust3
MRPL49,mclust3
MRPL50,mclust3
MRPL53,mclust3
MRPL54,mclust3
MRPL55,mclust3
MRPL9,mclust3
MRPS10,mclust3
MRPS11,mclust3
MRPS14,mclust3
MRPS15,mclust3
MRPS16,mclust3
MRPS18A,mclust3
MRPS18B,mclust3
MRPS22,mclust3
MRPS23,mclust3
MRPS25,mclust3
MRPS28,mclust3
MRPS30,mclust3
MRPS31,mclust3
MRPS34,mclust3
MRPS35,mclust3
MRPS5,mclust3
MRPS9,mclust3
MTERFD1,mclust3
NAPEPLD,mclust3
NEO1,mclust3
NET1,mclust3
NFE2L1,mclust3
NGRN,mclust3
NOTCH1,mclust3
NOTCH3,mclust3
NRP1,mclust3
NRP2,mclust3
NTN4,mclust3
NUMB,mclust3
OS9,mclust3
OSBPL5,mclust3
PAM,mclust3
PCDH1,mclust3
PDHX,mclust3
PDZD8,mclust3
PEX13,mclust3
PEX26,mclust3
PEX6,mclust3
PGRMC1,mclust3
PHYH,mclust3
PIGM,mclust3
PIGQ,mclust3
PIP5K1A,mclust3
PITPNM3,mclust3
PKN3,mclust3
PLA2G12A,mclust3
PLCD1,mclust3
PLEKHH3,mclust3
PNPLA6,mclust3
POLRMT,mclust3
POR,mclust3
PPP1R16A,mclust3
PREB,mclust3
PRNP,mclust3
PTPN13,mclust3
PTPRF,mclust3
PTPRK,mclust3
PTPRS,mclust3
PUSL1,mclust3
QPCTL,mclust3
QSOX1,mclust3
RAB12,mclust3
RAB13,mclust3
RAB21,mclust3
RAB22A,mclust3
RAB23,mclust3
RAB31,mclust3
RAB5A,mclust3
RAB8A,mclust3
RAP1A,mclust3
RAP1B,mclust3
RAP2A,mclust3
RDH10,mclust3
REEP4,mclust3
RETSAT,mclust3
RHBDD1,mclust3
RHOG,mclust3
RNF130,mclust3
RNF139,mclust3
RNF145,mclust3
RNMTL1,mclust3
RRAS,mclust3
RRBP1,mclust3
SCAP,mclust3
SDF2,mclust3
SEPN1,mclust3
SLC22A23,mclust3
SLC39A11,mclust3
SLC7A1,mclust3
SMIM14,mclust3
SMPD1,mclust3
SNAP47,mclust3
SPECC1,mclust3
SPTLC1,mclust3
ST7,mclust3
STX17,mclust3
TCF25,mclust3
TCTN2,mclust3
TFB1M,mclust3
TGFBR1,mclust3
TGFBR2,mclust3
TIMP2,mclust3
TMCC1,mclust3
TMCC3,mclust3
TMEM199,mclust3
TMEM205,mclust3
TMEM259,mclust3
TMEM260,mclust3
TOR2A,mclust3
TRIM4,mclust3
TRIP11,mclust3
TRUB2,mclust3
TTC17,mclust3
TUSC3,mclust3
TXNDC11,mclust3
UBL3,mclust3
USP20,mclust3
VPS13A,mclust3
WRB,mclust3
WWP1,mclust3
ZBED5,mclust3
AAAS,mclust4
ABCC1,mclust4
ABCC3,mclust4
ABCC4,mclust4
ABCC5,mclust4
ACVR1,mclust4
ADAM10,mclust4
ADCY3,mclust4
ADCY6,mclust4
ADCY9,mclust4
ALCAM,mclust4
ALG14,mclust4
AP2A1,mclust4
ARL15,mclust4
ATP1A1,mclust4
ATP1A2,mclust4
ATP1B1,mclust4
ATP1B3,mclust4
ATP2B1,mclust4
ATP2B4,mclust4
ATP8B1,mclust4
BCL2L11,mclust4
BMP2K,mclust4
BMPR2,mclust4
BSG,mclust4
BTN2A1,mclust4
CADM4,mclust4
CAPN5,mclust4
CAV1,mclust4
CAV2,mclust4
CCNYL1,mclust4
CD151,mclust4
CD276,mclust4
CD44,mclust4
CD46,mclust4
CD58,mclust4
CD99,mclust4
CEP89,mclust4
CHIC2,mclust4
CNNM4,mclust4
CTNNA1,mclust4
CXADR,mclust4
DAAM1,mclust4
DCUN1D3,mclust4
EBP,mclust4
EFR3A,mclust4
EGFR,mclust4
EMD,mclust4
EPB41L5,mclust4
EPHA2,mclust4
EPHB2,mclust4
EPHB4,mclust4
ERBB2,mclust4
FAS,mclust4
FLVCR1,mclust4
FMNL2,mclust4
FRMD5,mclust4
FRS2,mclust4
FZD6,mclust4
FZD7,mclust4
GNA13,mclust4
GNAI1,mclust4
GNAI2,mclust4
GNAI3,mclust4
GNAQ,mclust4
GNAS,mclust4
GNAZ,mclust4
GNB1,mclust4
GNB2,mclust4
GOLGA7,mclust4
GOLGA7B,mclust4
GPR125,mclust4
GPR39,mclust4
GPX8,mclust4
HRAS,mclust4
IGF1R,mclust4
IGSF3,mclust4
IL1RAP,mclust4
IL27RA,mclust4
INPP5A,mclust4
INSR,mclust4
ITFG3,mclust4
ITGA2,mclust4
ITGA3,mclust4
ITGA5,mclust4
ITGA6,mclust4
ITGAV,mclust4
ITGB1,mclust4
ITGB4,mclust4
JAK1,mclust4
KIAA0754,mclust4
KIAA1109,mclust4
KIDINS220,mclust4
KIF14,mclust4
LBR,mclust4
LIN7C,mclust4
LRIG2,mclust4
LRP6,mclust4
LRRC8A,mclust4
LRRC8B,mclust4
LRRC8D,mclust4
LRRC8E,mclust4
LYN,mclust4
MET,mclust4
MPZL1,mclust4
MRPL16,mclust4
MRPS12,mclust4
MYO1B,mclust4
NDC1,mclust4
NOTCH2,mclust4
NPTN,mclust4
OCLN,mclust4
ORAI2,mclust4
PANX1,mclust4
PCNXL3,mclust4
PIGB,mclust4
PLCD3,mclust4
PLSCR1,mclust4
PLXNB2,mclust4
PSEN1,mclust4
PTGFRN,mclust4
PTK7,mclust4
PTPRA,mclust4
PTPRE,mclust4
PVR,mclust4
RAB24,mclust4
RAB35,mclust4
RALA,mclust4
RAP2C,mclust4
RELL1,mclust4
RHBDF1,mclust4
RHBDF2,mclust4
RSPRY1,mclust4
SDC1,mclust4
SEMA4D,mclust4
SEMA7A,mclust4
SH3BP4,mclust4
SLC12A2,mclust4
SLC16A1,mclust4
SLC16A3,mclust4
SLC1A4,mclust4
SLC1A5,mclust4
SLC20A1,mclust4
SLC26A2,mclust4
SLC26A6,mclust4
SLC30A1,mclust4
SLC39A10,mclust4
SLC39A14,mclust4
SLC39A6,mclust4
SLC3A2,mclust4
SLC44A1,mclust4
SLC44A2,mclust4
SLC4A2,mclust4
SLC4A7,mclust4
SLC6A9,mclust4
SLC7A5,mclust4
SLC9A1,mclust4
SNAP23,mclust4
SPRED1,mclust4
STX4,mclust4
STXBP3,mclust4
TMC7,mclust4
TMEM2,mclust4
TMEM214,mclust4
TMEM237,mclust4
TMEM51,mclust4
TNFRSF10B,mclust4
TRIM13,mclust4
TRPM7,mclust4
TYRO3,mclust4
VANGL1,mclust4
YES1,mclust4
ZDHHC18,mclust4
ZDHHC5,mclust4
ADARB1,mclust5
AGO2,mclust5
AHDC1,mclust5
AZI1,mclust5
BARD1,mclust5
BLM,mclust5
C2orf42,mclust5
C3orf17,mclust5
CD3EAP,mclust5
CDC5L,mclust5
CDK13,mclust5
CELF1,mclust5
CENPQ,mclust5
CENPU,mclust5
CHD3,mclust5
CHD6,mclust5
CKAP2L,mclust5
CMAS,mclust5
CMSS1,mclust5
CTCF,mclust5
DDX20,mclust5
DDX5,mclust5
DDX55,mclust5
DGCR8,mclust5
DHX36,mclust5
DHX37,mclust5
DHX9,mclust5
DIMT1,mclust5
DNTTIP1,mclust5
DROSHA,mclust5
ELMSAN1,mclust5
EXOSC10,mclust5
EXOSC3,mclust5
EXOSC5,mclust5
EXOSC9,mclust5
FAM111A,mclust5
FAM120A,mclust5
FBXO11,mclust5
FIZ1,mclust5
FXR2,mclust5
GATAD1,mclust5
GPATCH4,mclust5
GSG2,mclust5
GTF3C2,mclust5
H1FX,mclust5
HELZ,mclust5
HELZ2,mclust5
HERC5,mclust5
HNRNPA0,mclust5
HNRNPAB,mclust5
HNRNPD,mclust5
HNRNPM,mclust5
HNRNPUL1,mclust5
HP1BP3,mclust5
IGF2BP2,mclust5
ILF2,mclust5
ILF3,mclust5
ING1,mclust5
JARID2,mclust5
KIF18A,mclust5
LARP1,mclust5
LARP1B,mclust5
LARP4B,mclust5
LLPH,mclust5
MORF4L2,mclust5
MOV10,mclust5
MSI2,mclust5
MUS81,mclust5
MVP,mclust5
NCBP1,mclust5
NCL,mclust5
NOP9,mclust5
NPM1,mclust5
NPM3,mclust5
NSD1,mclust5
NUPL2,mclust5
PABPC1,mclust5
PARP2,mclust5
PARP4,mclust5
PATZ1,mclust5
PLRG1,mclust5
POLR1E,mclust5
POLR3B,mclust5
POP1,mclust5
POP4,mclust5
PRDM15,mclust5
PRKRA,mclust5
PRPF19,mclust5
PRPF31,mclust5
RBM42,mclust5
RBM47,mclust5
RBM5,mclust5
RBMS2,mclust5
RECQL5,mclust5
RFC1,mclust5
RNF2,mclust5
RPL10,mclust5
RPL11,mclust5
RPL12,mclust5
RPL13A,mclust5
RPL14,mclust5
RPL15,mclust5
RPL18,mclust5
RPL18A,mclust5
RPL21,mclust5
RPL22L1,mclust5
RPL23A,mclust5
RPL27,mclust5
RPL28,mclust5
RPL3,mclust5
RPL30,mclust5
RPL34,mclust5
RPL35A,mclust5
RPL36,mclust5
RPL37A,mclust5
RPL3L,mclust5
RPL4,mclust5
RPL6,mclust5
RPL7,mclust5
RPL7A,mclust5
RPL9,mclust5
RPLP0,mclust5
RPLP2,mclust5
RPS4X,mclust5
RPS7,mclust5
RPS8,mclust5
RSBN1,mclust5
RSBN1L,mclust5
SART3,mclust5
SDAD1,mclust5
SENP5,mclust5
SGOL2,mclust5
SIN3A,mclust5
SKIV2L2,mclust5
SNRNP35,mclust5
SPTY2D1,mclust5
SRSF1,mclust5
SRSF3,mclust5
SRSF4,mclust5
SRSF5,mclust5
SRSF7,mclust5
STAU1,mclust5
STAU2,mclust5
SYNCRIP,mclust5
TAF1B,mclust5
TASP1,mclust5
TEP1,mclust5
THAP11,mclust5
THAP4,mclust5
TICRR,mclust5
TOE1,mclust5
TPP2,mclust5
TRIM56,mclust5
TRIP12,mclust5
TRMT1L,mclust5
TRMT6,mclust5
UBR5,mclust5
UTP23,mclust5
WDR76,mclust5
WRN,mclust5
YTHDC2,mclust5
ZBED6,mclust5
ZBTB11,mclust5
ZBTB17,mclust5
ZBTB21,mclust5
ZBTB41,mclust5
ZBTB48,mclust5
ZC3H8,mclust5
ZCRB1,mclust5
ZFC3H1,mclust5
ZFP64,mclust5
ZMAT3,mclust5
ZNF189,mclust5
ZNF205,mclust5
ZNF275,mclust5
ZNF302,mclust5
ZNF346,mclust5
ZNF484,mclust5
ZNF510,mclust5
ZNF512B,mclust5
ZNF561,mclust5
ZNF567,mclust5
ZNF574,mclust5
ZNF629,mclust5
ZNF652,mclust5
ZNF668,mclust5
ZNF687,mclust5
ZNF768,mclust5
ZNF770,mclust5
ZNHIT6,mclust5
ZRANB3,mclust5
ZSCAN21,mclust5
ACIN1,mclust6
ADNP,mclust6
ADNP2,mclust6
ATRX,mclust6
BCOR,mclust6
BRD2,mclust6
BRPF3,mclust6
C1orf131,mclust6
C5orf24,mclust6
CABIN1,mclust6
CBX5,mclust6
CDCA2,mclust6
CDCA5,mclust6
CEBPB,mclust6
CENPO,mclust6
CHAF1A,mclust6
CHD4,mclust6
CHERP,mclust6
CSTF3,mclust6
CWC22,mclust6
DDX39A,mclust6
DDX39B,mclust6
DDX49,mclust6
DDX52,mclust6
ESCO1,mclust6
ESRRA,mclust6
FAM178A,mclust6
FAM208B,mclust6
FBXO28,mclust6
FCF1,mclust6
GLE1,mclust6
HLTF,mclust6
HMG20A,mclust6
HMGXB4,mclust6
HNRNPH1,mclust6
HNRNPH2,mclust6
IK,mclust6
ING5,mclust6
KAT7,mclust6
KDM2A,mclust6
KDM5B,mclust6
KDM6B,mclust6
KIAA1429,mclust6
KIF22,mclust6
LMNA,mclust6
LMNB1,mclust6
LRIF1,mclust6
MBD2,mclust6
MCM3AP,mclust6
MDN1,mclust6
MPHOSPH8,mclust6
MTA1,mclust6
N4BP2L2,mclust6
NCOA5,mclust6
NFKBIL1,mclust6
NIPBL,mclust6
NOLC1,mclust6
NTHL1,mclust6
NUP153,mclust6
NUP50,mclust6
NUP98,mclust6
NXF1,mclust6
NXT1,mclust6
NXT2,mclust6
PAXBP1,mclust6
PCGF1,mclust6
PDS5B,mclust6
PINX1,mclust6
POGZ,mclust6
POLR2A,mclust6
PRPF38A,mclust6
RAD21,mclust6
RANBP2,mclust6
RBM12B,mclust6
RBM14,mclust6
RBM15,mclust6
RBM15B,mclust6
RBM6,mclust6
RBMXL1,mclust6
RCC1,mclust6
RIF1,mclust6
RNF169,mclust6
SENP7,mclust6
SF3A1,mclust6
SF3A2,mclust6
SF3A3,mclust6
SF3B1,mclust6
SGOL1,mclust6
SMARCA1,mclust6
SMC1A,mclust6
SMC5,mclust6
SMC6,mclust6
SMPD4,mclust6
SPOP,mclust6
SRCAP,mclust6
STAG1,mclust6
STAG2,mclust6
SUPT6H,mclust6
SYMPK,mclust6
TCF20,mclust6
TFIP11,mclust6
TIGD2,mclust6
TMPO,mclust6
TOPORS,mclust6
UBN1,mclust6
UBN2,mclust6
WDR33,mclust6
WHSC1L1,mclust6
WIZ,mclust6
YLPM1,mclust6
ZBTB4,mclust6
ZBTB40,mclust6
ZCCHC10,mclust6
ZFHX3,mclust6
ZNF106,mclust6
ZNF148,mclust6
ZNF236,mclust6
ZNF362,mclust6
ZNF518A,mclust6
ZNF644,mclust6
ZNF646,mclust6
AATF,mclust7
ABT1,mclust7
ADAR,mclust7
AHCTF1,mclust7
AKAP17A,mclust7
ASH1L,mclust7
ATAD2,mclust7
ATAD2B,mclust7
ATAD5,mclust7
ATF4,mclust7
AURKB,mclust7
BAZ1A,mclust7
BAZ1B,mclust7
BAZ2A,mclust7
BAZ2B,mclust7
BEND3,mclust7
BIRC5,mclust7
BMS1,mclust7
BRD1,mclust7
BRIX1,mclust7
BRPF1,mclust7
BRWD1,mclust7
C10orf12,mclust7
C17orf85,mclust7
C18orf21,mclust7
CBX8,mclust7
CCDC137,mclust7
CCDC86,mclust7
CDC40,mclust7
CDCA7L,mclust7
CDCA8,mclust7
CEBPZ,mclust7
CENPB,mclust7
CENPC,mclust7
CENPI,mclust7
CENPN,mclust7
CENPP,mclust7
CENPT,mclust7
CHD1,mclust7
CHD2,mclust7
CHTOP,mclust7
CIRH1A,mclust7
CLK4,mclust7
CXorf23,mclust7
DCAF13,mclust7
DDX10,mclust7
DDX18,mclust7
DDX24,mclust7
DDX31,mclust7
DDX47,mclust7
DDX50,mclust7
DDX51,mclust7
DDX56,mclust7
DHX33,mclust7
DKC1,mclust7
DNTTIP2,mclust7
DOT1L,mclust7
EBNA1BP2,mclust7
ELAVL1,mclust7
ESF1,mclust7
FAM208A,mclust7
FBL,mclust7
FYTTD1,mclust7
GAR1,mclust7
GLTSCR2,mclust7
GMCL1,mclust7
GNL2,mclust7
H1F0,mclust7
H2AFY,mclust7
HEATR1,mclust7
HIST1H1B,mclust7
HIST1H1C,mclust7
HIST1H1E,mclust7
HIST2H3PS2,mclust7
HNRNPA1,mclust7
HNRNPA2B1,mclust7
HNRNPA3,mclust7
HNRNPC,mclust7
HNRNPDL,mclust7
HNRNPH3,mclust7
HNRNPL,mclust7
HNRNPR,mclust7
IMP3,mclust7
IMP4,mclust7
INCENP,mclust7
INO80,mclust7
INO80B,mclust7
ISG20L2,mclust7
KAT6A,mclust7
KIAA0020,mclust7
KMT2A,mclust7
KRI1,mclust7
KRR1,mclust7
LAS1L,mclust7
LEMD3,mclust7
LYAR,mclust7
MAFG,mclust7
MATR3,mclust7
MBD1,mclust7
MECP2,mclust7
MEN1,mclust7
MIS18BP1,mclust7
MKI67,mclust7
MPHOSPH10,mclust7
MTF2,mclust7
MYBBP1A,mclust7
NAT10,mclust7
NGDN,mclust7
NHP2L1,mclust7
NIFK,mclust7
NIP7,mclust7
NKRF,mclust7
NOC2L,mclust7
NOC4L,mclust7
NOL10,mclust7
NOL11,mclust7
NOL6,mclust7
NOL7,mclust7
NOL8,mclust7
NOL9,mclust7
NOM1,mclust7
NOP14,mclust7
NOP16,mclust7
NOP2,mclust7
NOP56,mclust7
NOP58,mclust7
NUP107,mclust7
NUP133,mclust7
NUP155,mclust7
NUP205,mclust7
NUP210,mclust7
NUP93,mclust7
ORC1,mclust7
PAK1IP1,mclust7
PAPD5,mclust7
PDCD11,mclust7
PHF2,mclust7
PHIP,mclust7
PNN,mclust7
POLR1A,mclust7
POM121,mclust7
POM121C,mclust7
PPHLN1,mclust7
PRDM2,mclust7
PWP2,mclust7
PWWP2A,mclust7
RAI1,mclust7
RALY,mclust7
RBM19,mclust7
RBM34,mclust7
RBMX,mclust7
RCL1,mclust7
REXO4,mclust7
RNPC3,mclust7
RNPS1,mclust7
RPF1,mclust7
RPF2,mclust7
RPL7L1,mclust7
RREB1,mclust7
RRP12,mclust7
RRP36,mclust7
RRP7A,mclust7
RRS1,mclust7
RSF1,mclust7
RSL1D1,mclust7
SAFB,mclust7
SAFB2,mclust7
SAP18,mclust7
SCAF1,mclust7
SENP3,mclust7
SLTM,mclust7
SMARCA5,mclust7
SPEN,mclust7
SRFBP1,mclust7
SRSF9,mclust7
STRBP,mclust7
SUGP2,mclust7
SUN1,mclust7
SUN2,mclust7
SUPT16H,mclust7
SURF6,mclust7
SUV39H2,mclust7
SUV420H1,mclust7
SYNE2,mclust7
SYNE3,mclust7
TBL3,mclust7
TEX10,mclust7
TFAP2A,mclust7
TFAP2C,mclust7
TMEM194A,mclust7
TMEM201,mclust7
TMEM209,mclust7
TOP2A,mclust7
TOP2B,mclust7
TOR1AIP1,mclust7
TRA2A,mclust7
TRA2B,mclust7
TTF1,mclust7
URB1,mclust7
URB2,mclust7
USP36,mclust7
USP42,mclust7
UTP11L,mclust7
UTP14A,mclust7
UTP15,mclust7
UTP18,mclust7
UTP20,mclust7
UTP3,mclust7
UTP6,mclust7
WDR18,mclust7
WDR3,mclust7
WDR36,mclust7
WDR43,mclust7
WDR46,mclust7
WDR75,mclust7
WHSC1,mclust7
XPC,mclust7
ZBTB38,mclust7
ZC3H11A,mclust7
ZCCHC7,mclust7
ZCCHC9,mclust7
ZFP62,mclust7
ZFR,mclust7
ZFX,mclust7
ZMYND11,mclust7
ZNF280C,mclust7
ZNF292,mclust7
ZNF326,mclust7
ZNF384,mclust7
ZNF512,mclust7
ZNF800,mclust7
AFF4,mclust8
AGGF1,mclust8
AK2,mclust8
AKAP8L,mclust8
ANKRD12,mclust8
ARID1B,mclust8
ASH2L,mclust8
ATF1,mclust8
ATXN1,mclust8
BCL9L,mclust8
BRD4,mclust8
C12orf43,mclust8
C18orf25,mclust8
C2orf49,mclust8
C9orf85,mclust8
CALR,mclust8
CALU,mclust8
CBX3,mclust8
CCAR1,mclust8
CCAR2,mclust8
CCDC117,mclust8
CCDC58,mclust8
CCNH,mclust8
CCNT1,mclust8
CCNT2,mclust8
CDC73,mclust8
CDK9,mclust8
CDKN2AIPNL,mclust8
CHD9,mclust8
CIC,mclust8
CNPY3,mclust8
COA7,mclust8
COX17,mclust8
CPOX,mclust8
CPSF6,mclust8
CREBBP,mclust8
CTBP1,mclust8
CTDP1,mclust8
CTNNBL1,mclust8
CTR9,mclust8
CXXC1,mclust8
CYHR1,mclust8
DDB2,mclust8
DHX16,mclust8
DHX40,mclust8
DIABLO,mclust8
DIDO1,mclust8
DMTF1,mclust8
DPF2,mclust8
ELL2,mclust8
ENDOG,mclust8
ERP29,mclust8
FAM103A1,mclust8
FAM136A,mclust8
FAM76A,mclust8
FAM76B,mclust8
FARSA,mclust8
FARSB,mclust8
FBRS,mclust8
FKBP14,mclust8
FNBP4,mclust8
FOXJ2,mclust8
FOXK1,mclust8
FOXK2,mclust8
GABPA,mclust8
GLA,mclust8
GOLGA4,mclust8
GPATCH8,mclust8
GSE1,mclust8
HCFC1,mclust8
HDAC2,mclust8
HDLBP,mclust8
HIRIP3,mclust8
HNRNPK,mclust8
IDS,mclust8
INTS3,mclust8
IRF2BP1,mclust8
IRF2BPL,mclust8
IWS1,mclust8
JMJD1C,mclust8
KDM1A,mclust8
KDM3B,mclust8
KDM4A,mclust8
KIAA0907,mclust8
KIF4A,mclust8
LARP7,mclust8
LEO1,mclust8
LRPAP1,mclust8
MAD1L1,mclust8
MAML1,mclust8
MAX,mclust8
MCM2,mclust8
MCM3,mclust8
MEPCE,mclust8
MESDC2,mclust8
MLLT1,mclust8
MNAT1,mclust8
MORC3,mclust8
MORF4L1,mclust8
MSH3,mclust8
MYBL2,mclust8
NASP,mclust8
NBN,mclust8
NCAPD3,mclust8
NCAPH2,mclust8
NCOA6,mclust8
NCOR1,mclust8
NCOR2,mclust8
NELFA,mclust8
NELFE,mclust8
NMT1,mclust8
NPmclust4,mclust8
NRF1,mclust8
NSL1,mclust8
OTUD5,mclust8
P4HB,mclust8
PAF1,mclust8
PBX2,mclust8
PCF11,mclust8
PCGF5,mclust8
PDS5A,mclust8
PKNOX1,mclust8
PPIL2,mclust8
PRPF40A,mclust8
PSPC1,mclust8
PUS3,mclust8
PYGO2,mclust8
QSER1,mclust8
RANBP3,mclust8
RBBP5,mclust8
RBBP8,mclust8
RBM25,mclust8
RBPJ,mclust8
RCN1,mclust8
RCOR1,mclust8
RCOR3,mclust8
RFX1,mclust8
RMDN1,mclust8
RNF20,mclust8
RNF40,mclust8
RNMT,mclust8
RPAIN,mclust8
RPRD2,mclust8
RYBP,mclust8
SCAF4,mclust8
SCAF8,mclust8
SCML2,mclust8
SET,mclust8
SETD1B,mclust8
SIRT1,mclust8
SLC4A1AP,mclust8
SMARCAD1,mclust8
SMCHD1,mclust8
SMEK2,mclust8
SNAPC2,mclust8
SP1,mclust8
SPIN1,mclust8
SRRT,mclust8
SUGP1,mclust8
SUOX,mclust8
SUPT4H1,mclust8
SUPT5H,mclust8
TAF4,mclust8
TBL1XR1,mclust8
TCERG1,mclust8
TCOF1,mclust8
TIPIN,mclust8
TLK1,mclust8
TLK2,mclust8
TRIAP1,mclust8
TRIM24,mclust8
TRIM28,mclust8
TRIM33,mclust8
TUT1,mclust8
TXNDC5,mclust8
U2AF1,mclust8
U2AF2,mclust8
UFD1L,mclust8
UHRF2,mclust8
USP11,mclust8
USP7,mclust8
WAC,mclust8
WAPAL,mclust8
WBP11,mclust8
WDR83,mclust8
VPRBP,mclust8
WRNIP1,mclust8
XRCC1,mclust8
XRCC4,mclust8
ZBTB14,mclust8
ZC3HC1,mclust8
ZHX1,mclust8
ZHX2,mclust8
ZMYM2,mclust8
ZNF131,mclust8
ZNF143,mclust8
ZNF217,mclust8
ZNF318,mclust8
ABR,mclust9
ACYP2,mclust9
ADRM1,mclust9
AGFG2,mclust9
AHCYL2,mclust9
AKT1,mclust9
AKT2,mclust9
AKTIP,mclust9
ALDH9A1,mclust9
ALKBH6,mclust9
ANKMY2,mclust9
AP3B1,mclust9
AP3D1,mclust9
AP3M2,mclust9
AP4E1,mclust9
APOA1BP,mclust9
APPL1,mclust9
ARAP1,mclust9
ARFGEF2,mclust9
ARHGAP12,mclust9
ARHGAP5,mclust9
ARHGEF7,mclust9
ARL6,mclust9
ASAP1,mclust9
AVL9,mclust9
BIN3,mclust9
BIRC2,mclust9
BIRC6,mclust9
C12orf44,mclust9
C2orf69,mclust9
CAD,mclust9
CALCOCO1,mclust9
CAMK2D,mclust9
CAMK2G,mclust9
CCDC132,mclust9
CCDC22,mclust9
CCDC92,mclust9
CCDC93,mclust9
CCT2,mclust9
CCT3,mclust9
CCT4,mclust9
CCT5,mclust9
CCT6A,mclust9
CCT7,mclust9
CCT8,mclust9
CDC34,mclust9
CDK5,mclust9
CEP44,mclust9
CEP78,mclust9
CHMP2A,mclust9
COASY,mclust9
COMMD4,mclust9
COMMD6,mclust9
COPA,mclust9
CSE1L,mclust9
CUL9,mclust9
DCTN1,mclust9
DCTN2,mclust9
DCTN5,mclust9
DCTN6,mclust9
DDHD2,mclust9
DIS3L2,mclust9
DNMBP,mclust9
DTYMK,mclust9
DVL2,mclust9
DYNC1H1,mclust9
DYNC1I2,mclust9
DYNC1LI1,mclust9
DYNC1LI2,mclust9
DYNLRB1,mclust9
DYNLT3,mclust9
ECD,mclust9
EHBP1,mclust9
EIF2B1,mclust9
ELMO2,mclust9
EZR,mclust9
FAM114A2,mclust9
FAM160B1,mclust9
FAM65A,mclust9
FAM96A,mclust9
FHOD1,mclust9
FLCN,mclust9
FNIP1,mclust9
FTSJ1,mclust9
GABARAP,mclust9
GEMIN5,mclust9
GIPC1,mclust9
GMIP,mclust9
GPD1L,mclust9
GPN3,mclust9
GRHPR,mclust9
GUK1,mclust9
HAGH,mclust9
HAUS3,mclust9
HAUS8,mclust9
HECTD4,mclust9
HERC1,mclust9
HTT,mclust9
IFT81,mclust9
IFT88,mclust9
IREB2,mclust9
IRS2,mclust9
KCMF1,mclust9
KCTD9,mclust9
KIAA1244,mclust9
KIF13B,mclust9
KLHL11,mclust9
KPNA2,mclust9
LIMS1,mclust9
LPIN2,mclust9
LRRC16A,mclust9
LSM1,mclust9
LYPLA1,mclust9
MAD2L1,mclust9
MAP4K2,mclust9
MAPKAP1,mclust9
METAP2,mclust9
METTL10,mclust9
MTMR3,mclust9
MTMR6,mclust9
MYH14,mclust9
NAPB,mclust9
NDRG1,mclust9
NDRG3,mclust9
NKIRAS1,mclust9
NT5C,mclust9
NUDCD3,mclust9
NUF2,mclust9
OBSL1,mclust9
OVCA2,mclust9
PAIP1,mclust9
PAIP2,mclust9
PAIP2B,mclust9
PATL1,mclust9
PCBP1,mclust9
PCMT1,mclust9
PDCL3,mclust9
PHKA1,mclust9
PHKB,mclust9
PHKG2,mclust9
PPIL3,mclust9
PPM1H,mclust9
PPP2R1B,mclust9
PPP2R3A,mclust9
PPP3CB,mclust9
PREPL,mclust9
PRKAB1,mclust9
PRKAB2,mclust9
PRKD2,mclust9
PSMA1,mclust9
PSMA3,mclust9
PSMA4,mclust9
PSMA5,mclust9
PSMA6,mclust9
PSMA7,mclust9
PSMB2,mclust9
PSMB4,mclust9
PSMB5,mclust9
PSMB7,mclust9
PSMC1,mclust9
PSMC2,mclust9
PSMC3,mclust9
PSMC4,mclust9
PSMC5,mclust9
PSMD1,mclust9
PSMD11,mclust9
PSMD12,mclust9
PSMD13,mclust9
PSMD14,mclust9
PSMD2,mclust9
PSMD3,mclust9
PSMD7,mclust9
PSMD8,mclust9
PSME4,mclust9
PTRHD1,mclust9
QTRT1,mclust9
QTRTD1,mclust9
R3HCC1,mclust9
RABGAP1,mclust9
RABL5,mclust9
REXO2,mclust9
RICTOR,mclust9
RPGR,mclust9
RPS6KB1,mclust9
RUFY3,mclust9
SASS6,mclust9
SDCBP,mclust9
SEC23IP,mclust9
SESN2,mclust9
SGTB,mclust9
SH3BP5L,mclust9
SHQ1,mclust9
SKIV2L,mclust9
SMG8,mclust9
SMURF2,mclust9
SNX1,mclust9
SNX2,mclust9
SNX5,mclust9
SNX6,mclust9
SPATA5,mclust9
SPATA5L1,mclust9
SPR,mclust9
STAT5B,mclust9
STK24,mclust9
STK38,mclust9
STK38L,mclust9
TBC1D22A,mclust9
TBCEL,mclust9
TBK1,mclust9
TCP1,mclust9
THTPA,mclust9
TNKS,mclust9
TPD52,mclust9
TRAPPC3,mclust9
TRIM26,mclust9
TRIM36,mclust9
TSC1,mclust9
TTC1,mclust9
TTC37,mclust9
TTI2,mclust9
TUBGCP6,mclust9
TXNDC9,mclust9
TXNL4B,mclust9
UBE2D2,mclust9
UBE2L6,mclust9
UBE2M,mclust9
UBE2Z,mclust9
UBR4,mclust9
UCHL5,mclust9
UEVLD,mclust9
UHRF1BP1,mclust9
UNC13B,mclust9
USP9X,mclust9
WDR37,mclust9
WDR6,mclust9
WDR81,mclust9
VPS4A,mclust9
WWC2,mclust9
ZFAND5,mclust9
ZFYVE1,mclust9
ZRANB1,mclust9
ZZEF1,mclust9
