"Gene > Secondary Identifier","Gene > DB identifier","Gene > Organism . Name","Gene > Proteins > UniProt Accession","Gene > Proteins > UniProt Name"
"CG10045","FBgn0001149","Drosophila melanogaster","P20432","GSTT1_DROME"
"CG10060","FBgn0001104","Drosophila melanogaster","P20353","GNAI_DROME"
"CG10067","FBgn0000044","Drosophila melanogaster","P53501","ACT3_DROME"
"CG10079","FBgn0003731","Drosophila melanogaster","P04412","EGFR_DROME"
"CG10079","FBgn0003731","Drosophila melanogaster","P04412","EGFR_DROME"
"CG10149","FBgn0028689","Drosophila melanogaster","Q7KLV9","PSD11_DROME"
"CG10149","FBgn0028689","Drosophila melanogaster","Q7KLV9","PSD11_DROME"
"CG10158","FBgn0031871","Drosophila melanogaster","Q9VM65","CCA_DROME"
"CG10161","FBgn0040227","Drosophila melanogaster","Q9VCK0","EI3D1_DROME"
"CG10166","FBgn0032799","Drosophila melanogaster","Q9VIU7","DPM1_DROME"
"CG10223","FBgn0003732","Drosophila melanogaster","P15348","TOP2_DROME"
"CG10236","FBgn0002526","Drosophila melanogaster","Q00174","LAMA_DROME"
"CG10240","FBgn0013773","Drosophila melanogaster","Q9V769","C6A22_DROME"
"CG10242","FBgn0033978","Drosophila melanogaster","Q9V771","C6A23_DROME"
"CG10248","FBgn0013772","Drosophila melanogaster","Q27593","CP6A8_DROME"
"CG10255","FBgn0033984","Drosophila melanogaster","Q9V780","LAP1_DROME"
"CG10279","FBgn0003261","Drosophila melanogaster","P19109","DDX17_DROME"
"CG10279","FBgn0003261","Drosophila melanogaster","P19109","DDX17_DROME"
"CG10279","FBgn0003261","Drosophila melanogaster","P19109","DDX17_DROME"
"CG10279","FBgn0003261","Drosophila melanogaster","P19109","DDX17_DROME"
"CG10293","FBgn0264491","Drosophila melanogaster","O01367","HOW_DROME"
"CG10293","FBgn0264491","Drosophila melanogaster","O01367","HOW_DROME"
"CG10293","FBgn0264491","Drosophila melanogaster","O01367","HOW_DROME"
"CG10305","FBgn0261597","Drosophila melanogaster","P13008","RS26_DROME"
"CG10306","FBgn0034654","Drosophila melanogaster","Q9W2D9","EIF3K_DROME"
"CG10377","FBgn0004838","Drosophila melanogaster","P48809","RB27C_DROME"
"CG10420","FBgn0039296","Drosophila melanogaster","Q9VBV5","SIL1_DROME"
"CG10443","FBgn0000464","Drosophila melanogaster","P16621","LAR_DROME"
"CG10506","FBgn0027090","Drosophila melanogaster","Q9Y105","SYQ_DROME"
"CG10540","FBgn0034577","Drosophila melanogaster","Q9W2N0","CAPZA_DROME"
"CG10545","FBgn0001105","Drosophila melanogaster","P26308","GBB1_DROME"
"CG10593","FBgn0016122","Drosophila melanogaster","Q9VLJ6","ACER_DROME"
"CG10616","FBgn0036286","Drosophila melanogaster","Q9VTX8","ODR4_DROME"
"CG1065","FBgn0004888","Drosophila melanogaster","Q94522","SUCA_DROME"
"CG10671","FBgn0035586","Drosophila melanogaster","Q9VRJ2","FITM_DROME"
"CG10671","FBgn0035586","Drosophila melanogaster","Q9VRJ2","FITM_DROME"
"CG10691","FBgn0002031","Drosophila melanogaster","P24156","L2CC_DROME"
"CG10701","FBgn0011661","Drosophila melanogaster","P46150","MOEH_DROME"
"CG10701","FBgn0011661","Drosophila melanogaster","P46150","MOEH_DROME"
"CG10701","FBgn0011661","Drosophila melanogaster","P46150","MOEH_DROME"
"CG10701","FBgn0011661","Drosophila melanogaster","P46150","MOEH_DROME"
"CG10701","FBgn0011661","Drosophila melanogaster","P46150","MOEH_DROME"
"CG1084","FBgn0037240","Drosophila melanogaster","Q9VN14","CONT_DROME"
"CG10844","FBgn0011286","Drosophila melanogaster","Q24498","RY44_DROME"
"CG10844","FBgn0011286","Drosophila melanogaster","Q24498","RY44_DROME"
"CG10844","FBgn0011286","Drosophila melanogaster","Q24498","RY44_DROME"
"CG10844","FBgn0011286","Drosophila melanogaster","Q24498","RY44_DROME"
"CG1088","FBgn0015324","Drosophila melanogaster","P54611","VATE_DROME"
"CG10938","FBgn0016697","Drosophila melanogaster","Q95083","PSA5_DROME"
"CG10944","FBgn0261592","Drosophila melanogaster","P29327","RS6_DROME"
"CG10944","FBgn0261592","Drosophila melanogaster","P29327","RS6_DROME"
"CG10954","FBgn0032859","Drosophila melanogaster","Q9VIM5","ARPC2_DROME"
"CG10975","FBgn0014007","Drosophila melanogaster","P16620","PTP69_DROME"
"CG10975","FBgn0014007","Drosophila melanogaster","P16620","PTP69_DROME"
"CG10978","FBgn0037374","Drosophila melanogaster","Q7K1V5","JAGN_DROME"
"CG11001","FBgn0013954","Drosophila melanogaster","P48375","FKB12_DROME"
"CG11007","FBgn0034455","Drosophila melanogaster","Q7JW12","TMX2_DROME"
"CG1104","FBgn0037467","Drosophila melanogaster","Q9VI55","UFL1_DROME"
"CG1104","FBgn0037467","Drosophila melanogaster","Q9VI55","UFL1_DROME"
"CG11051","FBgn0040813","Drosophila melanogaster","Q9VU58","NPLP2_DROME"
"CG11059","FBgn0039928","Drosophila melanogaster","Q9V498","CSTN1_DROME"
"CG11064","FBgn0087002","Drosophila melanogaster","Q9V496","APLP_DROME"
"CG11077","FBgn0039930","Drosophila melanogaster","Q9V492","MPV17_DROME"
"CG11098","FBgn0031842","Drosophila melanogaster","Q9VMA7","TGO1_DROME"
"CG11098","FBgn0031842","Drosophila melanogaster","Q9VMA7","TGO1_DROME"
"CG11129","FBgn0004047","Drosophila melanogaster","P06607","VIT3_DROME"
"CG11154","FBgn0010217","Drosophila melanogaster","Q05825","ATPB_DROME"
"CG11271","FBgn0260441","Drosophila melanogaster","P80455","RS12_DROME"
"CG11276","FBgn0011284","Drosophila melanogaster","P41042","RS4_DROME"
"CG11561","FBgn0003444","Drosophila melanogaster","P91682","SMO_DROME"
"CG11567","FBgn0015623","Drosophila melanogaster","Q27597","NCPR_DROME"
"CG11579","FBgn0000117","Drosophila melanogaster","P18824","ARM_DROME"
"CG11579","FBgn0000117","Drosophila melanogaster","P18824","ARM_DROME"
"CG1161","FBgn0037313","Drosophila melanogaster","Q9VNA4","Y1161_DROME"
"CG11654","FBgn0014455","Drosophila melanogaster","Q27580","SAHH_DROME"
"CG1167","FBgn0003206","Drosophila melanogaster","P04388","RAS2_DROME"
"CG11785","FBgn0045866","Drosophila melanogaster","Q8SXY6","TMEDA_DROME"
"CG11793","FBgn0003462","Drosophila melanogaster","P61851","SODC_DROME"
"CG11888","FBgn0028692","Drosophila melanogaster","Q9V3P6","PSMD1_DROME"
"CG11888","FBgn0028692","Drosophila melanogaster","Q9V3P6","PSMD1_DROME"
"CG11901","FBgn0029176","Drosophila melanogaster","Q9NJH0","EF1G_DROME"
"CG11949","FBgn0010434","Drosophila melanogaster","Q9V8R9","41_DROME"
"CG11949","FBgn0010434","Drosophila melanogaster","Q9V8R9","41_DROME"
"CG11949","FBgn0010434","Drosophila melanogaster","Q9V8R9","41_DROME"
"CG11949","FBgn0010434","Drosophila melanogaster","Q9V8R9","41_DROME"
"CG11949","FBgn0010434","Drosophila melanogaster","Q9V8R9","41_DROME"
"CG11949","FBgn0010434","Drosophila melanogaster","Q9V8R9","41_DROME"
"CG12019","FBgn0011573","Drosophila melanogaster","Q24276","CDC37_DROME"
"CG12055","FBgn0001091","Drosophila melanogaster","P07486","G3P1_DROME"
"CG12056","FBgn0030099","Drosophila melanogaster","Q9W376","NEUFC_DROME"
"CG12101","FBgn0015245","Drosophila melanogaster","O02649","CH60_DROME"
"CG12108","FBgn0030057","Drosophila melanogaster","Q9W3C7","PPT1_DROME"
"CG12130","FBgn0033466","Drosophila melanogaster","Q9V5E1","PAL1_DROME"
"CG12157","FBgn0016041","Drosophila melanogaster","Q9U4L6","TO401_DROME"
"CG12210","FBgn0003660","Drosophila melanogaster","P18489","SYB_DROME"
"CG12210","FBgn0003660","Drosophila melanogaster","P18489","SYB_DROME"
"CG12210","FBgn0003660","Drosophila melanogaster","P18489","SYB_DROME"
"CG12210","FBgn0003660","Drosophila melanogaster","P18489","SYB_DROME"
"CG12233","FBgn0027291","Drosophila melanogaster","Q9VWH4","IDH3A_DROME"
"CG12233","FBgn0027291","Drosophila melanogaster","Q9VWH4","IDH3A_DROME"
"CG12262","FBgn0035811","Drosophila melanogaster","Q9VSA3","ACADM_DROME"
"CG12264","FBgn0032393","Drosophila melanogaster","Q9VKD3","NFS1_DROME"
"CG12306","FBgn0003124","Drosophila melanogaster","P52304","POLO_DROME"
"CG12324","FBgn0033555","Drosophila melanogaster","Q7KR04","RS15B_DROME"
"CG12366","FBgn0033901","Drosophila melanogaster","Q9V6X7","OFUT1_DROME"
"CG12369","FBgn0010238","Drosophila melanogaster","Q24372","LACH_DROME"
"CG12369","FBgn0010238","Drosophila melanogaster","Q24372","LACH_DROME"
"CG1242","FBgn0001233","Drosophila melanogaster","P02828","HSP83_DROME"
"CG1249","FBgn0261789","Drosophila melanogaster","Q9VI10","SMD2_DROME"
"CG12530","FBgn0010341","Drosophila melanogaster","P40793","CDC42_DROME"
"CG1263","FBgn0261602","Drosophila melanogaster","Q9V3G1","RL8_DROME"
"CG12740","FBgn0035422","Drosophila melanogaster","Q9VZS5","RL28_DROME"
"CG12749","FBgn0004237","Drosophila melanogaster","P48810","RB87F_DROME"
"CG12749","FBgn0004237","Drosophila melanogaster","P48810","RB87F_DROME"
"CG1307","FBgn0026566","Drosophila melanogaster","O97067","PTH2_DROME"
"CG13096","FBgn0032050","Drosophila melanogaster","Q9VLK2","Y3096_DROME"
"CG1311","FBgn0035523","Drosophila melanogaster","Q9VZE7","CTLH1_DROME"
"CG13364","FBgn0026879","Drosophila melanogaster","Q9XZS3","TMA7_DROME"
"CG13387","FBgn0020497","Drosophila melanogaster","Q9TVM2","XPO1_DROME"
"CG13389","FBgn0010265","Drosophila melanogaster","Q03334","RS13_DROME"
"CG13393","FBgn0263852","Drosophila melanogaster","Q9VLM5","DAD1_DROME"
"CG1372","FBgn0004649","Drosophila melanogaster","P98163","YL_DROME"
"CG1372","FBgn0004649","Drosophila melanogaster","P98163","YL_DROME"
"CG1403","FBgn0011710","Drosophila melanogaster","P42207","SEPT1_DROME"
"CG1404","FBgn0020255","Drosophila melanogaster","Q9VZ23","RAN_DROME"
"CG14100","FBgn0036889","Drosophila melanogaster","Q9VW14","RMTL1_DROME"
"CG14181","FBgn0035965","Drosophila melanogaster","Q9VSU7","USE1_DROME"
"CG14181","FBgn0035965","Drosophila melanogaster","Q9VSU7","USE1_DROME"
"CG14199","FBgn0040890","Drosophila melanogaster","Q9VWH8","KISH_DROME"
"CG14206","FBgn0261593","Drosophila melanogaster","Q9VWG3","RS10B_DROME"
"CG14226","FBgn0043903","Drosophila melanogaster","Q9VWE0","DOME_DROME"
"CG1448","FBgn0265274","Drosophila melanogaster","Q9VAS7","INX3_DROME"
"CG1458","FBgn0062442","Drosophila melanogaster","Q9VAM6","CISD2_DROME"
"CG14724","FBgn0019624","Drosophila melanogaster","Q94514","COX5A_DROME"
"CG1475","FBgn0037351","Drosophila melanogaster","Q9VNE9","RL13A_DROME"
"CG14792","FBgn0003517","Drosophila melanogaster","P38979","RSSA_DROME"
"CG14792","FBgn0003517","Drosophila melanogaster","P38979","RSSA_DROME"
"CG1483","FBgn0002645","Drosophila melanogaster","P23226","MA205_DROME"
"CG1483","FBgn0002645","Drosophila melanogaster","P23226","MA205_DROME"
"CG1483","FBgn0002645","Drosophila melanogaster","P23226","MA205_DROME"
"CG14977","FBgn0035469","Drosophila melanogaster","Q9VZL6","LTOR4_DROME"
"CG14999","FBgn0260985","Drosophila melanogaster","P53034","RFC2_DROME"
"CG15093","FBgn0034390","Drosophila melanogaster","Q9V8M5","3HIDH_DROME"
"CG15093","FBgn0034390","Drosophila melanogaster","Q9V8M5","3HIDH_DROME"
"CG15110","FBgn0027535","Drosophila melanogaster","Q9XZ08","EXT3_DROME"
"CG1519","FBgn0023175","Drosophila melanogaster","Q9V5C6","PSA3_DROME"
"CG1528","FBgn0028968","Drosophila melanogaster","Q8I0G5","COPG_DROME"
"CG1528","FBgn0028968","Drosophila melanogaster","Q8I0G5","COPG_DROME"
"CG1528","FBgn0028968","Drosophila melanogaster","Q8I0G5","COPG_DROME"
"CG15442","FBgn0261606","Drosophila melanogaster","P41092","RL27A_DROME"
"CG1560","FBgn0004657","Drosophila melanogaster","P11584","ITBX_DROME"
"CG15743","FBgn0030465","Drosophila melanogaster","Q9VYF2","IMPA3_DROME"
"CG15792","FBgn0265434","Drosophila melanogaster","Q99323","MYSN_DROME"
"CG15792","FBgn0265434","Drosophila melanogaster","Q99323","MYSN_DROME"
"CG15792","FBgn0265434","Drosophila melanogaster","Q99323","MYSN_DROME"
"CG15792","FBgn0265434","Drosophila melanogaster","Q99323","MYSN_DROME"
"CG15811","FBgn0004574","Drosophila melanogaster","Q07327","ROP_DROME"
"CG15845","FBgn0000054","Drosophila melanogaster","P05552","ADF1_DROME"
"CG15845","FBgn0000054","Drosophila melanogaster","P05552","ADF1_DROME"
"CG1618","FBgn0000346","Drosophila melanogaster","P46461","NSF1_DROME"
"CG1633","FBgn0040309","Drosophila melanogaster","Q9V3P0","PRDX1_DROME"
"CG1634","FBgn0264975","Drosophila melanogaster","P20241","NRG_DROME"
"CG1634","FBgn0264975","Drosophila melanogaster","P20241","NRG_DROME"
"CG16901","FBgn0263396","Drosophila melanogaster","Q08473","SQD_DROME"
"CG16901","FBgn0263396","Drosophila melanogaster","Q08473","SQD_DROME"
"CG16901","FBgn0263396","Drosophila melanogaster","Q08473","SQD_DROME"
"CG16901","FBgn0263396","Drosophila melanogaster","Q08473","SQD_DROME"
"CG16944","FBgn0003360","Drosophila melanogaster","Q26365","ADT_DROME"
"CG16944","FBgn0003360","Drosophila melanogaster","Q26365","ADT_DROME"
"CG16979","FBgn0036512","Drosophila melanogaster","Q9VUR0","UFSP2_DROME"
"CG17166","FBgn0036462","Drosophila melanogaster","Q9VUJ0","RM39_DROME"
"CG17245","FBgn0025740","Drosophila melanogaster","Q9V4A7","PLXB_DROME"
"CG17246","FBgn0261439","Drosophila melanogaster","Q94523","DHSA_DROME"
"CG1725","FBgn0001624","Drosophila melanogaster","P31007","DLG1_DROME"
"CG1725","FBgn0001624","Drosophila melanogaster","P31007","DLG1_DROME"
"CG1725","FBgn0001624","Drosophila melanogaster","P31007","DLG1_DROME"
"CG1725","FBgn0001624","Drosophila melanogaster","P31007","DLG1_DROME"
"CG1725","FBgn0001624","Drosophila melanogaster","P31007","DLG1_DROME"
"CG1725","FBgn0001624","Drosophila melanogaster","P31007","DLG1_DROME"
"CG1725","FBgn0001624","Drosophila melanogaster","P31007","DLG1_DROME"
"CG1725","FBgn0001624","Drosophila melanogaster","P31007","DLG1_DROME"
"CG1725","FBgn0001624","Drosophila melanogaster","P31007","DLG1_DROME"
"CG1728","FBgn0027359","Drosophila melanogaster","Q9Y1A3","TIM8_DROME"
"CG17291","FBgn0260439","Drosophila melanogaster","P36179","2AAA_DROME"
"CG17332","FBgn0027779","Drosophila melanogaster","Q9V3J1","VATH_DROME"
"CG17332","FBgn0027779","Drosophila melanogaster","Q9V3J1","VATH_DROME"
"CG17332","FBgn0027779","Drosophila melanogaster","Q9V3J1","VATH_DROME"
"CG17369","FBgn0005671","Drosophila melanogaster","P31409","VATB_DROME"
"CG1751","FBgn0030306","Drosophila melanogaster","Q9VYY2","SPCS2_DROME"
"CG17521","FBgn0024733","Drosophila melanogaster","O61231","RL10_DROME"
"CG17654","FBgn0000579","Drosophila melanogaster","P15007","ENO_DROME"
"CG17654","FBgn0000579","Drosophila melanogaster","P15007","ENO_DROME"
"CG1771","FBgn0004456","Drosophila melanogaster","Q24247","ITA1_DROME"
"CG1771","FBgn0004456","Drosophila melanogaster","Q24247","ITA1_DROME"
"CG17737","FBgn0035423","Drosophila melanogaster","Q9VZS3","SUI1_DROME"
"CG17759","FBgn0004435","Drosophila melanogaster","P23625","GNAQ_DROME"
"CG17759","FBgn0004435","Drosophila melanogaster","P23625","GNAQ_DROME"
"CG17785","FBgn0039188","Drosophila melanogaster","Q8SZ63","GOGA5_DROME"
"CG1780","FBgn0026415","Drosophila melanogaster","Q9W303","IDGF4_DROME"
"CG17870","FBgn0004907","Drosophila melanogaster","P29310","1433Z_DROME"
"CG17870","FBgn0004907","Drosophila melanogaster","P29310","1433Z_DROME"
"CG17870","FBgn0004907","Drosophila melanogaster","P29310","1433Z_DROME"
"CG17896","FBgn0023537","Drosophila melanogaster","Q7KW39","MMSA_DROME"
"CG17896","FBgn0023537","Drosophila melanogaster","Q7KW39","MMSA_DROME"
"CG17903","FBgn0000409","Drosophila melanogaster","P84029","CYC2_DROME"
"CG17927","FBgn0264695","Drosophila melanogaster","P05661","MYSA_DROME"
"CG17927","FBgn0264695","Drosophila melanogaster","P05661","MYSA_DROME"
"CG17927","FBgn0264695","Drosophila melanogaster","P05661","MYSA_DROME"
"CG17927","FBgn0264695","Drosophila melanogaster","P05661","MYSA_DROME"
"CG17927","FBgn0264695","Drosophila melanogaster","P05661","MYSA_DROME"
"CG17927","FBgn0264695","Drosophila melanogaster","P05661","MYSA_DROME"
"CG17927","FBgn0264695","Drosophila melanogaster","P05661","MYSA_DROME"
"CG17927","FBgn0264695","Drosophila melanogaster","P05661","MYSA_DROME"
"CG17927","FBgn0264695","Drosophila melanogaster","P05661","MYSA_DROME"
"CG17927","FBgn0264695","Drosophila melanogaster","P05661","MYSA_DROME"
"CG17927","FBgn0264695","Drosophila melanogaster","P05661","MYSA_DROME"
"CG17927","FBgn0264695","Drosophila melanogaster","P05661","MYSA_DROME"
"CG17927","FBgn0264695","Drosophila melanogaster","P05661","MYSA_DROME"
"CG17927","FBgn0264695","Drosophila melanogaster","P05661","MYSA_DROME"
"CG17927","FBgn0264695","Drosophila melanogaster","P05661","MYSA_DROME"
"CG17927","FBgn0264695","Drosophila melanogaster","P05661","MYSA_DROME"
"CG17927","FBgn0264695","Drosophila melanogaster","P05661","MYSA_DROME"
"CG17927","FBgn0264695","Drosophila melanogaster","P05661","MYSA_DROME"
"CG17927","FBgn0264695","Drosophila melanogaster","P05661","MYSA_DROME"
"CG17927","FBgn0264695","Drosophila melanogaster","P05661","MYSA_DROME"
"CG17927","FBgn0264695","Drosophila melanogaster","P05661","MYSA_DROME"
"CG17927","FBgn0264695","Drosophila melanogaster","P05661","MYSA_DROME"
"CG17927","FBgn0264695","Drosophila melanogaster","P05661","MYSA_DROME"
"CG17927","FBgn0264695","Drosophila melanogaster","P05661","MYSA_DROME"
"CG17927","FBgn0264695","Drosophila melanogaster","P05661","MYSA_DROME"
"CG17927","FBgn0264695","Drosophila melanogaster","P05661","MYSA_DROME"
"CG17947","FBgn0010215","Drosophila melanogaster","P35220","CTNA_DROME"
"CG17949","FBgn0061209","Drosophila melanogaster","P02283","H2B_DROME"
"CG17950","FBgn0004362","Drosophila melanogaster","Q05783","HMGD_DROME"
"CG17952","FBgn0034657","Drosophila melanogaster","Q8MLV1","LBR_DROME"
"CG17952","FBgn0034657","Drosophila melanogaster","Q8MLV1","LBR_DROME"
"CG17970","FBgn0031694","Drosophila melanogaster","Q9VMS8","C4AC2_DROME"
"CG1799","FBgn0003204","Drosophila melanogaster","Q07152","IMDH_DROME"
"CG1799","FBgn0003204","Drosophila melanogaster","Q07152","IMDH_DROME"
"CG18102","FBgn0003392","Drosophila melanogaster","P27619","DYN_DROME"
"CG18102","FBgn0003392","Drosophila melanogaster","P27619","DYN_DROME"
"CG18111","FBgn0039678","Drosophila melanogaster","Q9VAJ4","OB99A_DROME"
"CG1821","FBgn0025286","Drosophila melanogaster","Q9V597","RL31_DROME"
"CG1829","FBgn0031126","Drosophila melanogaster","Q9VRB3","CP6V1_DROME"
"CG18405","FBgn0011259","Drosophila melanogaster","Q24322","SEM1A_DROME"
"CG18508","FBgn0028746","Drosophila melanogaster","O97172","U729_DROME"
"CG18572","FBgn0003189","Drosophila melanogaster","P05990","PYR1_DROME"
"CG18572","FBgn0003189","Drosophila melanogaster","P05990","PYR1_DROME"
"CG18582","FBgn0025743","Drosophila melanogaster","Q9VXE5","PAKM_DROME"
"CG18802","FBgn0011740","Drosophila melanogaster","Q24451","MAN2_DROME"
"CG18803","FBgn0019947","Drosophila melanogaster","O02194","PSN_DROME"
"CG18803","FBgn0019947","Drosophila melanogaster","O02194","PSN_DROME"
"CG18803","FBgn0019947","Drosophila melanogaster","O02194","PSN_DROME"
"CG18811","FBgn0042134","Drosophila melanogaster","Q9I7D3","CAPR1_DROME"
"CG1883","FBgn0039757","Drosophila melanogaster","Q9VA91","RS7_DROME"
"CG1937","FBgn0039875","Drosophila melanogaster","Q95SP2","HRD1_DROME"
"CG1945","FBgn0005632","Drosophila melanogaster","P55824","FAF_DROME"
"CG1945","FBgn0005632","Drosophila melanogaster","P55824","FAF_DROME"
"CG1956","FBgn0004636","Drosophila melanogaster","P08645","RAS3_DROME"
"CG1977","FBgn0250789","Drosophila melanogaster","P13395","SPTCA_DROME"
"CG2033","FBgn0010198","Drosophila melanogaster","P48149","RS15A_DROME"
"CG2048","FBgn0002413","Drosophila melanogaster","O76324","DCO_DROME"
"CG2050","FBgn0002780","Drosophila melanogaster","P13469","MODU_DROME"
"CG2054","FBgn0022702","Drosophila melanogaster","Q9W092","CHIT2_DROME"
"CG2060","FBgn0014469","Drosophila melanogaster","Q27606","CP4E2_DROME"
"CG2062","FBgn0015034","Drosophila melanogaster","Q9V4T5","CP4E1_DROME"
"CG2087","FBgn0037327","Drosophila melanogaster","Q9NIV1","E2AK3_DROME"
"CG2103","FBgn0035375","Drosophila melanogaster","Q6WV16","GALT6_DROME"
"CG2139","FBgn0028646","Drosophila melanogaster","Q9VA73","CMC_DROME"
"CG2139","FBgn0028646","Drosophila melanogaster","Q9VA73","CMC_DROME"
"CG2139","FBgn0028646","Drosophila melanogaster","Q9VA73","CMC_DROME"
"CG2140","FBgn0264294","Drosophila melanogaster","Q9V4N3","CYB5_DROME"
"CG2140","FBgn0264294","Drosophila melanogaster","Q9V4N3","CYB5_DROME"
"CG2145","FBgn0030251","Drosophila melanogaster","Q9VZ49","ENDOU_DROME"
"CG2151","FBgn0020653","Drosophila melanogaster","P91938","TRXR1_DROME"
"CG2151","FBgn0020653","Drosophila melanogaster","P91938","TRXR1_DROME"
"CG2151","FBgn0020653","Drosophila melanogaster","P91938","TRXR1_DROME"
"CG2151","FBgn0020653","Drosophila melanogaster","P91938","TRXR1_DROME"
"CG2168","FBgn0017545","Drosophila melanogaster","P55830","RS3A_DROME"
"CG2168","FBgn0017545","Drosophila melanogaster","P55830","RS3A_DROME"
"CG2168","FBgn0017545","Drosophila melanogaster","P55830","RS3A_DROME"
"CG2171","FBgn0086355","Drosophila melanogaster","P29613","TPIS_DROME"
"CG2171","FBgn0086355","Drosophila melanogaster","P29613","TPIS_DROME"
"CG2198","FBgn0000071","Drosophila melanogaster","P15364","AMAL_DROME"
"CG2204","FBgn0001122","Drosophila melanogaster","P16378","GNAO_DROME"
"CG2204","FBgn0001122","Drosophila melanogaster","P16378","GNAO_DROME"
"CG2210","FBgn0000150","Drosophila melanogaster","P08879","NDKA_DROME"
"CG2212","FBgn0003656","Drosophila melanogaster","Q9U969","SWS_DROME"
"CG2212","FBgn0003656","Drosophila melanogaster","Q9U969","SWS_DROME"
"CG2212","FBgn0003656","Drosophila melanogaster","Q9U969","SWS_DROME"
"CG2238","FBgn0000559","Drosophila melanogaster","P13060","EF2_DROME"
"CG2238","FBgn0000559","Drosophila melanogaster","P13060","EF2_DROME"
"CG2248","FBgn0010333","Drosophila melanogaster","P40792","RAC1_DROME"
"CG2286","FBgn0017566","Drosophila melanogaster","Q94511","NDUS1_DROME"
"CG2331","FBgn0261014","Drosophila melanogaster","Q7KN62","TERA_DROME"
"CG2331","FBgn0261014","Drosophila melanogaster","Q7KN62","TERA_DROME"
"CG2331","FBgn0261014","Drosophila melanogaster","Q7KN62","TERA_DROME"
"CG2448","FBgn0030327","Drosophila melanogaster","Q9VYV5","FUT8_DROME"
"CG2522","FBgn0010391","Drosophila melanogaster","Q9U5L1","SRPR_DROME"
"CG2621","FBgn0003371","Drosophila melanogaster","P18431","SGG_DROME"
"CG2621","FBgn0003371","Drosophila melanogaster","P18431","SGG_DROME"
"CG2621","FBgn0003371","Drosophila melanogaster","P18431","SGG_DROME"
"CG2621","FBgn0003371","Drosophila melanogaster","P18431","SGG_DROME"
"CG2637","FBgn0262743","Drosophila melanogaster","O18388","IMB_DROME"
"CG2671","FBgn0002121","Drosophila melanogaster","P08111","L2GL_DROME"
"CG2671","FBgn0002121","Drosophila melanogaster","P08111","L2GL_DROME"
"CG2671","FBgn0002121","Drosophila melanogaster","P08111","L2GL_DROME"
"CG2671","FBgn0002121","Drosophila melanogaster","P08111","L2GL_DROME"
"CG2718","FBgn0001142","Drosophila melanogaster","P20477","GLNA1_DROME"
"CG2746","FBgn0002607","Drosophila melanogaster","P36241","RL19_DROME"
"CG2835","FBgn0001123","Drosophila melanogaster","P20354","GNAS_DROME"
"CG2835","FBgn0001123","Drosophila melanogaster","P20354","GNAS_DROME"
"CG2849","FBgn0015286","Drosophila melanogaster","P48555","RALA_DROME"
"CG2922","FBgn0250753","Drosophila melanogaster","Q9VNE2","EXBA_DROME"
"CG2934","FBgn0028665","Drosophila melanogaster","Q9W4P5","VA0D1_DROME"
"CG2945","FBgn0000316","Drosophila melanogaster","P39205","CIN_DROME"
"CG2979","FBgn0005391","Drosophila melanogaster","P02844","VIT2_DROME"
"CG2985","FBgn0004045","Drosophila melanogaster","P02843","VIT1_DROME"
"CG2986","FBgn0015521","Drosophila melanogaster","O76927","RS21_DROME"
"CG2986","FBgn0015521","Drosophila melanogaster","O76927","RS21_DROME"
"CG2998","FBgn0030136","Drosophila melanogaster","Q9W334","RS28_DROME"
"CG3024","FBgn0025615","Drosophila melanogaster","O77277","TORS_DROME"
"CG30291","FBgn0050291","Drosophila melanogaster","Q95SK3","CK5P3_DROME"
"CG3039","FBgn0004646","Drosophila melanogaster","P27716","INX1_DROME"
"CG30498","FBgn0004132","Drosophila melanogaster","Q8T9B6","MESD_DROME"
"CG3050","FBgn0038194","Drosophila melanogaster","Q9VFP1","CP6D5_DROME"
"CG31004","FBgn0051004","Drosophila melanogaster","Q0KHY3","Y1004_DROME"
"CG31004","FBgn0051004","Drosophila melanogaster","Q0KHY3","Y1004_DROME"
"CG31127","FBgn0046685","Drosophila melanogaster","P83097","WSCK_DROME"
"CG31136","FBgn0013343","Drosophila melanogaster","Q24547","STX1A_DROME"
"CG31152","FBgn0086253","Drosophila melanogaster","Q8T045","RUMI_DROME"
"CG31196","FBgn0020238","Drosophila melanogaster","P92177","1433E_DROME"
"CG31196","FBgn0020238","Drosophila melanogaster","P92177","1433E_DROME"
"CG31196","FBgn0020238","Drosophila melanogaster","P92177","1433E_DROME"
"CG31196","FBgn0020238","Drosophila melanogaster","P92177","1433E_DROME"
"CG3127","FBgn0250906","Drosophila melanogaster","Q01604","PGK_DROME"
"CG3131","FBgn0031464","Drosophila melanogaster","Q9VQH2","DUOX_DROME"
"CG31363","FBgn0051363","Drosophila melanogaster","Q9I7K0","JUPIT_DROME"
"CG31363","FBgn0051363","Drosophila melanogaster","Q9I7K0","JUPIT_DROME"
"CG31363","FBgn0051363","Drosophila melanogaster","Q9I7K0","JUPIT_DROME"
"CG31363","FBgn0051363","Drosophila melanogaster","Q9I7K0","JUPIT_DROME"
"CG31363","FBgn0051363","Drosophila melanogaster","Q9I7K0","JUPIT_DROME"
"CG31363","FBgn0051363","Drosophila melanogaster","Q9I7K0","JUPIT_DROME"
"CG3140","FBgn0022708","Drosophila melanogaster","Q9U915","KAD2_DROME"
"CG3160","FBgn0029789","Drosophila melanogaster","Q9W495","PGAP1_DROME"
"CG3161","FBgn0262736","Drosophila melanogaster","P23380","VATL_DROME"
"CG31613","FBgn0051613","Drosophila melanogaster","P02299","H3_DROME"
"CG31617","FBgn0051617","Drosophila melanogaster","P02255","H1_DROME"
"CG31618","FBgn0051618","Drosophila melanogaster","P84051","H2A_DROME"
"CG31651","FBgn0031681","Drosophila melanogaster","Q6WV17","GALT5_DROME"
"CG31651","FBgn0031681","Drosophila melanogaster","Q6WV17","GALT5_DROME"
"CG3178","FBgn0004584","Drosophila melanogaster","P27864","RRP1_DROME"
"CG3186","FBgn0034967","Drosophila melanogaster","Q9GU68","IF5A_DROME"
"CG31884","FBgn0040070","Drosophila melanogaster","Q9V429","THIO2_DROME"
"CG31884","FBgn0040070","Drosophila melanogaster","Q9V429","THIO2_DROME"
"CG31915","FBgn0051915","Drosophila melanogaster","Q8IPK4","GLT25_DROME"
"CG31992","FBgn0051992","Drosophila melanogaster","Q8SY33","GAWKY_DROME"
"CG3201","FBgn0004687","Drosophila melanogaster","P54357","MLC2_DROME"
"CG3203","FBgn0029897","Drosophila melanogaster","Q9W3W8","RL17_DROME"
"CG32031","FBgn0000116","Drosophila melanogaster","P48610","KARG_DROME"
"CG32031","FBgn0000116","Drosophila melanogaster","P48610","KARG_DROME"
"CG32031","FBgn0000116","Drosophila melanogaster","P48610","KARG_DROME"
"CG32031","FBgn0000116","Drosophila melanogaster","P48610","KARG_DROME"
"CG3254","FBgn0031530","Drosophila melanogaster","Q6WV19","GALT2_DROME"
"CG32593","FBgn0264078","Drosophila melanogaster","O61492","FLOT2_DROME"
"CG32593","FBgn0264078","Drosophila melanogaster","O61492","FLOT2_DROME"
"CG32593","FBgn0264078","Drosophila melanogaster","O61492","FLOT2_DROME"
"CG32593","FBgn0264078","Drosophila melanogaster","O61492","FLOT2_DROME"
"CG32632","FBgn0086674","Drosophila melanogaster","Q9VYB7","TPST_DROME"
"CG32632","FBgn0086674","Drosophila melanogaster","Q9VYB7","TPST_DROME"
"CG32699","FBgn0052699","Drosophila melanogaster","Q0KHU5","PCAT1_DROME"
"CG32699","FBgn0052699","Drosophila melanogaster","Q0KHU5","PCAT1_DROME"
"CG32775","FBgn0066114","Drosophila melanogaster","O97422","B3GI_DROME"
"CG32795","FBgn0040384","Drosophila melanogaster","Q9U1M2","TM120_DROME"
"CG3283","FBgn0014028","Drosophila melanogaster","P21914","DHSB_DROME"
"CG32858","FBgn0003447","Drosophila melanogaster","Q24524","SING_DROME"
"CG33101","FBgn0013998","Drosophila melanogaster","P54351","NSF2_DROME"
"CG33103","FBgn0003137","Drosophila melanogaster","Q868Z9","PPN_DROME"
"CG33103","FBgn0003137","Drosophila melanogaster","Q868Z9","PPN_DROME"
"CG33103","FBgn0003137","Drosophila melanogaster","Q868Z9","PPN_DROME"
"CG33103","FBgn0003137","Drosophila melanogaster","Q868Z9","PPN_DROME"
"CG33104","FBgn0069242","Drosophila melanogaster","Q9I7K5","TMEDE_DROME"
"CG3314","FBgn0014026","Drosophila melanogaster","P46223","RL7A_DROME"
"CG3322","FBgn0002528","Drosophila melanogaster","P15215","LAMC1_DROME"
"CG3351","FBgn0038234","Drosophila melanogaster","Q9VFJ2","RM11_DROME"
"CG3352","FBgn0001075","Drosophila melanogaster","P33450","FAT_DROME"
"CG3395","FBgn0010408","Drosophila melanogaster","P55935","RS9_DROME"
"CG3415","FBgn0030731","Drosophila melanogaster","Q9VXJ0","DHB4_DROME"
"CG3416","FBgn0002787","Drosophila melanogaster","P26270","PSD7_DROME"
"CG3422","FBgn0004066","Drosophila melanogaster","P22769","PSA71_DROME"
"CG3481","FBgn0000055","Drosophila melanogaster","P00334","ADH_DROME"
"CG3501","FBgn0034791","Drosophila melanogaster","Q9W1Y1","EMC89_DROME"
"CG3539","FBgn0264978","Drosophila melanogaster","Q24179","SLY1_DROME"
"CG3539","FBgn0264978","Drosophila melanogaster","Q24179","SLY1_DROME"
"CG3539","FBgn0264978","Drosophila melanogaster","Q24179","SLY1_DROME"
"CG3539","FBgn0264978","Drosophila melanogaster","Q24179","SLY1_DROME"
"CG3595","FBgn0003514","Drosophila melanogaster","P40423","SQH_DROME"
"CG3612","FBgn0011211","Drosophila melanogaster","P35381","ATPA_DROME"
"CG3638","FBgn0261444","Drosophila melanogaster","Q9W5A5","TTY2_DROME"
"CG3638","FBgn0261444","Drosophila melanogaster","Q9W5A5","TTY2_DROME"
"CG3638","FBgn0261444","Drosophila melanogaster","Q9W5A5","TTY2_DROME"
"CG3661","FBgn0010078","Drosophila melanogaster","P48159","RL23_DROME"
"CG3665","FBgn0000635","Drosophila melanogaster","P34082","FAS2_DROME"
"CG3665","FBgn0000635","Drosophila melanogaster","P34082","FAS2_DROME"
"CG3665","FBgn0000635","Drosophila melanogaster","P34082","FAS2_DROME"
"CG3722","FBgn0003391","Drosophila melanogaster","Q24298","CADE_DROME"
"CG3725","FBgn0263006","Drosophila melanogaster","P22700","ATC1_DROME"
"CG3725","FBgn0263006","Drosophila melanogaster","P22700","ATC1_DROME"
"CG3760","FBgn0022343","Drosophila melanogaster","Q8MMC4","CDV3_DROME"
"CG3760","FBgn0022343","Drosophila melanogaster","Q8MMC4","CDV3_DROME"
"CG3762","FBgn0263598","Drosophila melanogaster","Q27331","VATA2_DROME"
"CG3774","FBgn0029849","Drosophila melanogaster","Q9W429","S35B4_DROME"
"CG3792","FBgn0031662","Drosophila melanogaster","Q9VMW8","MPU1_DROME"
"CG3800","FBgn0034802","Drosophila melanogaster","Q8T8R1","Y3800_DROME"
"CG3861","FBgn0261955","Drosophila melanogaster","Q9W401","CISY_DROME"
"CG3861","FBgn0261955","Drosophila melanogaster","Q9W401","CISY_DROME"
"CG3887","FBgn0031670","Drosophila melanogaster","Q9VMV6","SELT_DROME"
"CG3922","FBgn0005533","Drosophila melanogaster","P17704","RS17_DROME"
"CG3949","FBgn0015393","Drosophila melanogaster","Q9U3Z7","NH2L1_DROME"
"CG3979","FBgn0036816","Drosophila melanogaster","Q9VVT2","INDY1_DROME"
"CG3979","FBgn0036816","Drosophila melanogaster","Q9VVT2","INDY1_DROME"
"CG3991","FBgn0020370","Drosophila melanogaster","Q9V6K1","TPP2_DROME"
"CG3991","FBgn0020370","Drosophila melanogaster","Q9V6K1","TPP2_DROME"
"CG4001","FBgn0003071","Drosophila melanogaster","P52034","K6PF_DROME"
"CG4001","FBgn0003071","Drosophila melanogaster","P52034","K6PF_DROME"
"CG4001","FBgn0003071","Drosophila melanogaster","P52034","K6PF_DROME"
"CG4003","FBgn0040078","Drosophila melanogaster","Q9VH07","RUVB1_DROME"
"CG4046","FBgn0034743","Drosophila melanogaster","Q9W237","RS16_DROME"
"CG4083","FBgn0017572","Drosophila melanogaster","P91891","MO25_DROME"
"CG4084","FBgn0011297","Drosophila melanogaster","P82149","NT53_DROME"
"CG4084","FBgn0011297","Drosophila melanogaster","Q27333","NT56_DROME"
"CG4087","FBgn0002593","Drosophila melanogaster","P08570","RLA1_DROME"
"CG4105","FBgn0015035","Drosophila melanogaster","Q9VL92","CP4E3_DROME"
"CG4122","FBgn0004648","Drosophila melanogaster","P42787","CBPD_DROME"
"CG4122","FBgn0004648","Drosophila melanogaster","P42787","CBPD_DROME"
"CG4122","FBgn0004648","Drosophila melanogaster","P42787","CBPD_DROME"
"CG4122","FBgn0004648","Drosophila melanogaster","P42787","CBPD_DROME"
"CG4122","FBgn0004648","Drosophila melanogaster","P42787","CBPD_DROME"
"CG4122","FBgn0004648","Drosophila melanogaster","P42787","CBPD_DROME"
"CG4122","FBgn0004648","Drosophila melanogaster","P42787","CBPD_DROME"
"CG4122","FBgn0004648","Drosophila melanogaster","P42787","CBPD_DROME"
"CG4125","FBgn0003285","Drosophila melanogaster","Q08180","ICCR_DROME"
"CG4147","FBgn0001218","Drosophila melanogaster","P29844","HSP7C_DROME"
"CG4153","FBgn0004926","Drosophila melanogaster","P41375","IF2B_DROME"
"CG4173","FBgn0014029","Drosophila melanogaster","P54359","SEPT2_DROME"
"CG4183","FBgn0001225","Drosophila melanogaster","P02517","HSP26_DROME"
"CG4214","FBgn0011708","Drosophila melanogaster","Q24509","STX5_DROME"
"CG42275","FBgn0259170","Drosophila melanogaster","P53624","MA121_DROME"
"CG42275","FBgn0259170","Drosophila melanogaster","P53625","MA122_DROME"
"CG42309","FBgn0259209","Drosophila melanogaster","P53777","MLP1_DROME"
"CG4254","FBgn0011726","Drosophila melanogaster","P45594","CADF_DROME"
"CG4260","FBgn0264855","Drosophila melanogaster","P91926","AP2A_DROME"
"CG4260","FBgn0264855","Drosophila melanogaster","P91926","AP2A_DROME"
"CG4262","FBgn0260400","Drosophila melanogaster","P16914","ELAV_DROME"
"CG4262","FBgn0260400","Drosophila melanogaster","P16914","ELAV_DROME"
"CG4264","FBgn0001219","Drosophila melanogaster","P11147","HSP7D_DROME"
"CG4280","FBgn0015924","Drosophila melanogaster","Q27367","CRQ_DROME"
"CG4307","FBgn0016691","Drosophila melanogaster","Q24439","ATPO_DROME"
"CG4337","FBgn0010438","Drosophila melanogaster","P54622","SSBP_DROME"
"CG43398","FBgn0263289","Drosophila melanogaster","Q7KRY7","LAP4_DROME"
"CG43398","FBgn0263289","Drosophila melanogaster","Q7KRY7","LAP4_DROME"
"CG43398","FBgn0263289","Drosophila melanogaster","Q7KRY7","LAP4_DROME"
"CG43398","FBgn0263289","Drosophila melanogaster","Q7KRY7","LAP4_DROME"
"CG43398","FBgn0263289","Drosophila melanogaster","Q7KRY7","LAP4_DROME"
"CG43398","FBgn0263289","Drosophila melanogaster","Q7KRY7","LAP4_DROME"
"CG43398","FBgn0263289","Drosophila melanogaster","Q7KRY7","LAP4_DROME"
"CG43398","FBgn0263289","Drosophila melanogaster","Q7KRY7","LAP4_DROME"
"CG43398","FBgn0263289","Drosophila melanogaster","Q7KRY7","LAP4_DROME"
"CG43398","FBgn0263289","Drosophila melanogaster","Q7KRY7","LAP4_DROME"
"CG43443","FBgn0263391","Drosophila melanogaster","Q02645","HTS_DROME"
"CG43443","FBgn0263391","Drosophila melanogaster","Q02645","HTS_DROME"
"CG43443","FBgn0263391","Drosophila melanogaster","Q02645","HTS_DROME"
"CG43443","FBgn0263391","Drosophila melanogaster","Q02645","HTS_DROME"
"CG43664","FBgn0263755","Drosophila melanogaster","P45975","SUV39_DROME"
"CG43664","FBgn0263755","Drosophila melanogaster","Q24208","IF2G_DROME"
"CG43664","FBgn0263755","Drosophila melanogaster","Q24208","IF2G_DROME"
"CG43758","FBgn0264089","Drosophila melanogaster","P24014","SLIT_DROME"
"CG43758","FBgn0264089","Drosophila melanogaster","P24014","SLIT_DROME"
"CG43758","FBgn0264089","Drosophila melanogaster","P24014","SLIT_DROME"
"CG4376","FBgn0000667","Drosophila melanogaster","P18091","ACTN_DROME"
"CG4376","FBgn0000667","Drosophila melanogaster","P18091","ACTN_DROME"
"CG4376","FBgn0000667","Drosophila melanogaster","P18091","ACTN_DROME"
"CG4376","FBgn0000667","Drosophila melanogaster","P18091","ACTN_DROME"
"CG4376","FBgn0000667","Drosophila melanogaster","P18091","ACTN_DROME"
"CG43782","FBgn0264307","Drosophila melanogaster","Q9VSR3","ORB2_DROME"
"CG4406","FBgn0023545","Drosophila melanogaster","Q8T4E1","GPI8_DROME"
"CG4412","FBgn0016119","Drosophila melanogaster","Q24407","ATP5J_DROME"
"CG44128","FBgn0264959","Drosophila melanogaster","Q9V9J3","SRC42_DROME"
"CG4445","FBgn0027558","Drosophila melanogaster","Q9Y117","GALT3_DROME"
"CG4464","FBgn0010412","Drosophila melanogaster","P39018","RS19A_DROME"
"CG4466","FBgn0001226","Drosophila melanogaster","P02518","HSP27_DROME"
"CG4475","FBgn0020415","Drosophila melanogaster","Q9V3D4","IDGF2_DROME"
"CG4535","FBgn0029174","Drosophila melanogaster","Q9VL78","FKB59_DROME"
"CG4589","FBgn0019886","Drosophila melanogaster","P91927","A60DA_DROME"
"CG4590","FBgn0027108","Drosophila melanogaster","Q9V427","INX2_DROME"
"CG4609","FBgn0014163","Drosophila melanogaster","Q95RI5","FAXC_DROME"
"CG4634","FBgn0016687","Drosophila melanogaster","O77460","IPYR_DROME"
"CG4651","FBgn0011272","Drosophila melanogaster","P41126","RL13_DROME"
"CG4666","FBgn0029838","Drosophila melanogaster","Q9W440","THEM6_DROME"
"CG4679","FBgn0033816","Drosophila melanogaster","A1Z9A8","PTCD3_DROME"
"CG4692","FBgn0035032","Drosophila melanogaster","Q9W141","ATPK_DROME"
"CG4692","FBgn0035032","Drosophila melanogaster","Q9W141","ATPK_DROME"
"CG4700","FBgn0011260","Drosophila melanogaster","Q24323","SEM2A_DROME"
"CG4700","FBgn0011260","Drosophila melanogaster","Q24323","SEM2A_DROME"
"CG4700","FBgn0011260","Drosophila melanogaster","Q24323","SEM2A_DROME"
"CG4700","FBgn0011260","Drosophila melanogaster","Q24323","SEM2A_DROME"
"CG4747","FBgn0043456","Drosophila melanogaster","Q8T079","GLYR1_DROME"
"CG4780","FBgn0260856","Drosophila melanogaster","Q9VRL2","GOSR2_DROME"
"CG4799","FBgn0011823","Drosophila melanogaster","P52295","IMA_DROME"
"CG4800","FBgn0037874","Drosophila melanogaster","Q9VGS2","TCTP_DROME"
"CG4863","FBgn0020910","Drosophila melanogaster","O16797","RL3_DROME"
"CG4863","FBgn0020910","Drosophila melanogaster","O16797","RL3_DROME"
"CG4863","FBgn0020910","Drosophila melanogaster","O16797","RL3_DROME"
"CG4863","FBgn0020910","Drosophila melanogaster","O16797","RL3_DROME"
"CG4878","FBgn0034237","Drosophila melanogaster","Q0E940","EIF3B_DROME"
"CG4897","FBgn0005593","Drosophila melanogaster","P32100","RL7_DROME"
"CG4898","FBgn0003721","Drosophila melanogaster","P06754","TPM1_DROME"
"CG4898","FBgn0003721","Drosophila melanogaster","P06754","TPM1_DROME"
"CG4898","FBgn0003721","Drosophila melanogaster","P06754","TPM1_DROME"
"CG4898","FBgn0003721","Drosophila melanogaster","P06754","TPM1_DROME"
"CG4898","FBgn0003721","Drosophila melanogaster","P06754","TPM1_DROME"
"CG4898","FBgn0003721","Drosophila melanogaster","P49455","TPM4_DROME"
"CG4898","FBgn0003721","Drosophila melanogaster","P49455","TPM4_DROME"
"CG4912","FBgn0032198","Drosophila melanogaster","Q9VL18","EF1D_DROME"
"CG4912","FBgn0032198","Drosophila melanogaster","Q9VL18","EF1D_DROME"
"CG4916","FBgn0004419","Drosophila melanogaster","P23128","DDX6_DROME"
"CG4916","FBgn0004419","Drosophila melanogaster","P23128","DDX6_DROME"
"CG4918","FBgn0003274","Drosophila melanogaster","P05389","RLA2_DROME"
"CG4931","FBgn0038320","Drosophila melanogaster","Q9VF87","CYFIP_DROME"
"CG4954","FBgn0034258","Drosophila melanogaster","A1ZAX1","EIF3C_DROME"
"CG5065","FBgn0034145","Drosophila melanogaster","A1ZAI5","FACR1_DROME"
"CG5092","FBgn0021796","Drosophila melanogaster","Q9VK45","TOR_DROME"
"CG5110","FBgn0032642","Drosophila melanogaster","Q9VJD2","LTOR3_DROME"
"CG5119","FBgn0265297","Drosophila melanogaster","P21187","PABP_DROME"
"CG5183","FBgn0022268","Drosophila melanogaster","O76767","ERD2_DROME"
"CG5189","FBgn0034350","Drosophila melanogaster","Q9V8I2","LTOR2_DROME"
"CG5210","FBgn0013763","Drosophila melanogaster","Q23997","C5210_DROME"
"CG5227","FBgn0021764","Drosophila melanogaster","O97394","SDK_DROME"
"CG5227","FBgn0021764","Drosophila melanogaster","O97394","SDK_DROME"
"CG5258","FBgn0029148","Drosophila melanogaster","Q9V3U2","NHP2_DROME"
"CG5266","FBgn0086134","Drosophila melanogaster","P40301","PSA2_DROME"
"CG5271","FBgn0003942","Drosophila melanogaster","P15357","RS27A_DROME"
"CG5289","FBgn0015282","Drosophila melanogaster","P48601","PRS4_DROME"
"CG5320","FBgn0001098","Drosophila melanogaster","P54385","DHE3_DROME"
"CG5320","FBgn0001098","Drosophila melanogaster","P54385","DHE3_DROME"
"CG5371","FBgn0011703","Drosophila melanogaster","P48591","RIR1_DROME"
"CG5374","FBgn0003676","Drosophila melanogaster","P12613","TCPA_DROME"
"CG5382","FBgn0038950","Drosophila melanogaster","Q9VD26","ZFPL1_DROME"
"CG5394","FBgn0005674","Drosophila melanogaster","P28668","SYEP_DROME"
"CG5394","FBgn0005674","Drosophila melanogaster","P28668","SYEP_DROME"
"CG5433","FBgn0010235","Drosophila melanogaster","P46824","KLC_DROME"
"CG5490","FBgn0262473","Drosophila melanogaster","P08953","TOLL_DROME"
"CG5499","FBgn0001197","Drosophila melanogaster","P08985","H2AV_DROME"
"CG5502","FBgn0003279","Drosophila melanogaster","P09180","RL4_DROME"
"CG5532","FBgn0034902","Drosophila melanogaster","Q9W1K0","U136_DROME"
"CG5562","FBgn0024234","Drosophila melanogaster","P27091","60A_DROME"
"CG5581","FBgn0003022","Drosophila melanogaster","P20240","OTE_DROME"
"CG5596","FBgn0002772","Drosophila melanogaster","P06742","MLC1_DROME"
"CG5596","FBgn0002772","Drosophila melanogaster","P06742","MLC1_DROME"
"CG5602","FBgn0262619","Drosophila melanogaster","Q9W1H4","DNLI1_DROME"
"CG5605","FBgn0036974","Drosophila melanogaster","Q9VPH7","ERF1_DROME"
"CG5642","FBgn0036258","Drosophila melanogaster","Q9VTU4","EIF3L_DROME"
"CG5670","FBgn0002921","Drosophila melanogaster","P13607","ATNA_DROME"
"CG5670","FBgn0002921","Drosophila melanogaster","P13607","ATNA_DROME"
"CG5670","FBgn0002921","Drosophila melanogaster","P13607","ATNA_DROME"
"CG5670","FBgn0002921","Drosophila melanogaster","P13607","ATNA_DROME"
"CG5670","FBgn0002921","Drosophila melanogaster","P13607","ATNA_DROME"
"CG5670","FBgn0002921","Drosophila melanogaster","P13607","ATNA_DROME"
"CG5670","FBgn0002921","Drosophila melanogaster","P13607","ATNA_DROME"
"CG5677","FBgn0039172","Drosophila melanogaster","Q9VCA9","SPCS3_DROME"
"CG5706","FBgn0039175","Drosophila melanogaster","Q9VCA5","SYFB_DROME"
"CG5723","FBgn0004449","Drosophila melanogaster","O61307","TENM_DROME"
"CG5723","FBgn0004449","Drosophila melanogaster","O61307","TENM_DROME"
"CG5730","FBgn0000083","Drosophila melanogaster","P22464","ANXB9_DROME"
"CG5730","FBgn0000083","Drosophila melanogaster","P22464","ANXB9_DROME"
"CG5730","FBgn0000083","Drosophila melanogaster","P22464","ANXB9_DROME"
"CG5802","FBgn0250820","Drosophila melanogaster","Q9VDD7","S35B1_DROME"
"CG5803","FBgn0000636","Drosophila melanogaster","P15278","FAS3_DROME"
"CG5803","FBgn0000636","Drosophila melanogaster","P15278","FAS3_DROME"
"CG5827","FBgn0261608","Drosophila melanogaster","Q9VMU4","RL37A_DROME"
"CG5837","FBgn0011771","Drosophila melanogaster","P55162","HEM_DROME"
"CG5857","FBgn0039125","Drosophila melanogaster","Q9VCG4","NDC1_DROME"
"CG5862","FBgn0038868","Drosophila melanogaster","Q9VDD1","DDRGK_DROME"
"CG5870","FBgn0250788","Drosophila melanogaster","Q00963","SPTCB_DROME"
"CG5876","FBgn0028375","Drosophila melanogaster","Q9V3R8","UBIA1_DROME"
"CG5920","FBgn0004867","Drosophila melanogaster","P31009","RS2_DROME"
"CG5939","FBgn0003149","Drosophila melanogaster","P35415","MYSP1_DROME"
"CG5939","FBgn0003149","Drosophila melanogaster","P35416","MYSP2_DROME"
"CG6030","FBgn0016120","Drosophila melanogaster","Q24251","ATP5H_DROME"
"CG6058","FBgn0000064","Drosophila melanogaster","P07764","ALF_DROME"
"CG6058","FBgn0000064","Drosophila melanogaster","P07764","ALF_DROME"
"CG6058","FBgn0000064","Drosophila melanogaster","P07764","ALF_DROME"
"CG6097","FBgn0003292","Drosophila melanogaster","Q9VTK2","POMT1_DROME"
"CG6141","FBgn0015756","Drosophila melanogaster","P50882","RL9_DROME"
"CG6143","FBgn0004401","Drosophila melanogaster","P41073","PEP_DROME"
"CG6143","FBgn0004401","Drosophila melanogaster","P41073","PEP_DROME"
"CG6143","FBgn0004401","Drosophila melanogaster","P41073","PEP_DROME"
"CG6155","FBgn0014877","Drosophila melanogaster","P48604","GRPE_DROME"
"CG6174","FBgn0011745","Drosophila melanogaster","P45889","ACTZ_DROME"
"CG6181","FBgn0032340","Drosophila melanogaster","Q9VKK1","EDC4_DROME"
"CG6202","FBgn0019925","Drosophila melanogaster","O18405","SURF4_DROME"
"CG6203","FBgn0028734","Drosophila melanogaster","Q9NFU0","FMR1_DROME"
"CG6203","FBgn0028734","Drosophila melanogaster","Q9NFU0","FMR1_DROME"
"CG6203","FBgn0028734","Drosophila melanogaster","Q9NFU0","FMR1_DROME"
"CG6203","FBgn0028734","Drosophila melanogaster","Q9NFU0","FMR1_DROME"
"CG6210","FBgn0036141","Drosophila melanogaster","Q95ST2","WLS_DROME"
"CG6210","FBgn0036141","Drosophila melanogaster","Q95ST2","WLS_DROME"
"CG6226","FBgn0013269","Drosophila melanogaster","P54397","FKB39_DROME"
"CG6253","FBgn0017579","Drosophila melanogaster","P55841","RL14_DROME"
"CG6302","FBgn0010741","Drosophila melanogaster","Q9VTE5","PFD2_DROME"
"CG6311","FBgn0036735","Drosophila melanogaster","Q9VVI2","EDC3_DROME"
"CG6341","FBgn0028737","Drosophila melanogaster","O96827","EF1B_DROME"
"CG6343","FBgn0019957","Drosophila melanogaster","P91929","NDUAA_DROME"
"CG6386","FBgn0027889","Drosophila melanogaster","Q7KRY6","NHK1_DROME"
"CG6394","FBgn0030930","Drosophila melanogaster","Q8MV48","GALT7_DROME"
"CG6412","FBgn0032646","Drosophila melanogaster","Q9VJC7","EFTS_DROME"
"CG6450","FBgn0029688","Drosophila melanogaster","Q8MSS1","LVA_DROME"
"CG6455","FBgn0019960","Drosophila melanogaster","P91928","IMMT_DROME"
"CG6455","FBgn0019960","Drosophila melanogaster","P91928","IMMT_DROME"
"CG6510","FBgn0010409","Drosophila melanogaster","P41093","RL18A_DROME"
"CG6535","FBgn0045035","Drosophila melanogaster","Q5EAK6","ATM_DROME"
"CG6550","FBgn0034214","Drosophila melanogaster","Q7K4W1","CDKAL_DROME"
"CG6588","FBgn0262742","Drosophila melanogaster","P10674","FAS1_DROME"
"CG6598","FBgn0011768","Drosophila melanogaster","P46415","ADHX_DROME"
"CG6625","FBgn0250791","Drosophila melanogaster","Q23983","SNAP_DROME"
"CG6647","FBgn0004363","Drosophila melanogaster","Q94920","VDAC_DROME"
"CG6668","FBgn0039213","Drosophila melanogaster","Q9VC57","ATLAS_DROME"
"CG6684","FBgn0086472","Drosophila melanogaster","P48588","RS25_DROME"
"CG6692","FBgn0013770","Drosophila melanogaster","Q95029","CATL_DROME"
"CG6692","FBgn0013770","Drosophila melanogaster","Q95029","CATL_DROME"
"CG6699","FBgn0025724","Drosophila melanogaster","O62621","COPB2_DROME"
"CG6719","FBgn0264694","Drosophila melanogaster","Q9VGP6","PFD3_DROME"
"CG6779","FBgn0002622","Drosophila melanogaster","Q06559","RS3_DROME"
"CG6819","FBgn0026207","Drosophila melanogaster","Q9GYU8","NUP88_DROME"
"CG6827","FBgn0013997","Drosophila melanogaster","Q94887","NRX4_DROME"
"CG6850","FBgn0014075","Drosophila melanogaster","Q09332","UGGG_DROME"
"CG6871","FBgn0000261","Drosophila melanogaster","P17336","CATA_DROME"
"CG6944","FBgn0002525","Drosophila melanogaster","P08928","LAM0_DROME"
"CG6948","FBgn0024814","Drosophila melanogaster","Q9VWA1","CLC_DROME"
"CG6965","FBgn0037960","Drosophila melanogaster","Q9VGG8","MTH5_DROME"
"CG6988","FBgn0014002","Drosophila melanogaster","P54399","PDI_DROME"
"CG6988","FBgn0014002","Drosophila melanogaster","P54399","PDI_DROME"
"CG6998","FBgn0011760","Drosophila melanogaster","Q24117","DYL1_DROME"
"CG7012","FBgn0039234","Drosophila melanogaster","Q9VC27","NICA_DROME"
"CG7013","FBgn0027095","Drosophila melanogaster","Q9XZ63","ARMET_DROME"
"CG7014","FBgn0038277","Drosophila melanogaster","Q9VFE4","RS5B_DROME"
"CG7070","FBgn0003178","Drosophila melanogaster","O62619","KPYK_DROME"
"CG7070","FBgn0003178","Drosophila melanogaster","O62619","KPYK_DROME"
"CG7088","FBgn0001090","Drosophila melanogaster","P29746","BNB_DROME"
"CG7100","FBgn0015609","Drosophila melanogaster","O15943","CADN_DROME"
"CG7100","FBgn0015609","Drosophila melanogaster","O15943","CADN_DROME"
"CG7100","FBgn0015609","Drosophila melanogaster","O15943","CADN_DROME"
"CG7100","FBgn0015609","Drosophila melanogaster","O15943","CADN_DROME"
"CG7100","FBgn0015609","Drosophila melanogaster","O15943","CADN_DROME"
"CG7100","FBgn0015609","Drosophila melanogaster","O15943","CADN_DROME"
"CG7100","FBgn0015609","Drosophila melanogaster","O15943","CADN_DROME"
"CG7100","FBgn0015609","Drosophila melanogaster","O15943","CADN_DROME"
"CG7111","FBgn0020618","Drosophila melanogaster","O18640","GBLP_DROME"
"CG7113","FBgn0021765","Drosophila melanogaster","O18404","HCD2_DROME"
"CG7123","FBgn0261800","Drosophila melanogaster","P11046","LAMB1_DROME"
"CG7225","FBgn0004003","Drosophila melanogaster","O44342","WBL_DROME"
"CG7241","FBgn0038095","Drosophila melanogaster","Q9VG17","CP304_DROME"
"CG7254","FBgn0004507","Drosophila melanogaster","Q9XTL9","PYG_DROME"
"CG7263","FBgn0031392","Drosophila melanogaster","Q9VQ79","AIFM1_DROME"
"CG7263","FBgn0031392","Drosophila melanogaster","Q9VQ79","AIFM1_DROME"
"CG7266","FBgn0000565","Drosophila melanogaster","P08761","MSRA_DROME"
"CG7266","FBgn0000565","Drosophila melanogaster","P08761","MSRA_DROME"
"CG7283","FBgn0036213","Drosophila melanogaster","Q9VTP4","R10AB_DROME"
"CG7291","FBgn0031381","Drosophila melanogaster","Q9VQ62","NPC2_DROME"
"CG7360","FBgn0038722","Drosophila melanogaster","Q9VDV3","NUPL1_DROME"
"CG7380","FBgn0031977","Drosophila melanogaster","Q9VLU0","BAF_DROME"
"CG7414","FBgn0037135","Drosophila melanogaster","Q9VNX8","EIF2A_DROME"
"CG7415","FBgn0037580","Drosophila melanogaster","Q9VHR8","DPP3_DROME"
"CG7415","FBgn0037580","Drosophila melanogaster","Q9VHR8","DPP3_DROME"
"CG7434","FBgn0015288","Drosophila melanogaster","P50887","RL22_DROME"
"CG7436","FBgn0020392","Drosophila melanogaster","O61613","NMT_DROME"
"CG7438","FBgn0086347","Drosophila melanogaster","Q23978","MY31D_DROME"
"CG7480","FBgn0001970","Drosophila melanogaster","Q8MVS5","GLT35_DROME"
"CG7490","FBgn0000100","Drosophila melanogaster","P19889","RLA0_DROME"
"CG7507","FBgn0261797","Drosophila melanogaster","P37276","DYHC_DROME"
"CG7507","FBgn0261797","Drosophila melanogaster","P37276","DYHC_DROME"
"CG7524","FBgn0262733","Drosophila melanogaster","P00528","SRC64_DROME"
"CG7563","FBgn0012051","Drosophila melanogaster","Q11002","CANA_DROME"
"CG7563","FBgn0012051","Drosophila melanogaster","Q11002","CANA_DROME"
"CG7583","FBgn0020496","Drosophila melanogaster","O46036","CTBP_DROME"
"CG7583","FBgn0020496","Drosophila melanogaster","O46036","CTBP_DROME"
"CG7597","FBgn0037093","Drosophila melanogaster","Q9VP22","CDK12_DROME"
"CG7610","FBgn0020235","Drosophila melanogaster","O01666","ATPG_DROME"
"CG7619","FBgn0015283","Drosophila melanogaster","P55035","PSMD4_DROME"
"CG7622","FBgn0002579","Drosophila melanogaster","P49630","RL36_DROME"
"CG7639","FBgn0033989","Drosophila melanogaster","Q9V784","SAM50_DROME"
"CG7655","FBgn0038536","Drosophila melanogaster","Q9VEG9","NRM_DROME"
"CG7660","FBgn0261987","Drosophila melanogaster","Q9VEG6","PERC_DROME"
"CG7700","FBgn0044871","Drosophila melanogaster","Q9VE50","GOSR1_DROME"
"CG7726","FBgn0013325","Drosophila melanogaster","P46222","RL11_DROME"
"CG7740","FBgn0026189","Drosophila melanogaster","P82295","PROML_DROME"
"CG7765","FBgn0001308","Drosophila melanogaster","P17210","KINH_DROME"
"CG7808","FBgn0039713","Drosophila melanogaster","Q8MLY8","RS8_DROME"
"CG7840","FBgn0032014","Drosophila melanogaster","Q9VLP9","PORED_DROME"
"CG7872","FBgn0030658","Drosophila melanogaster","Q9VXT2","DJC25_DROME"
"CG7891","FBgn0037551","Drosophila melanogaster","Q9VHV5","ARL8_DROME"
"CG7917","FBgn0016685","Drosophila melanogaster","Q27415","NLP_DROME"
"CG7917","FBgn0016685","Drosophila melanogaster","Q27415","NLP_DROME"
"CG7939","FBgn0002626","Drosophila melanogaster","P04359","RL32_DROME"
"CG7962","FBgn0010350","Drosophila melanogaster","P56079","CDSA_DROME"
"CG8039","FBgn0037608","Drosophila melanogaster","Q9VHN6","RM19_DROME"
"CG8048","FBgn0262511","Drosophila melanogaster","Q9V7N5","VATC_DROME"
"CG8048","FBgn0262511","Drosophila melanogaster","Q9V7N5","VATC_DROME"
"CG8048","FBgn0262511","Drosophila melanogaster","Q9V7N5","VATC_DROME"
"CG8095","FBgn0003328","Drosophila melanogaster","O44386","ITA3_DROME"
"CG8095","FBgn0003328","Drosophila melanogaster","O44386","ITA3_DROME"
"CG8111","FBgn0035825","Drosophila melanogaster","Q9VSB9","TMM43_DROME"
"CG8135","FBgn0037689","Drosophila melanogaster","Q8MRQ4","LMBD2_DROME"
"CG8182","FBgn0034025","Drosophila melanogaster","Q6WV20","GALT1_DROME"
"CG8186","FBgn0022097","Drosophila melanogaster","Q9V7D2","VATD1_DROME"
"CG8189","FBgn0019644","Drosophila melanogaster","Q94516","AT5F1_DROME"
"CG8189","FBgn0019644","Drosophila melanogaster","Q94516","AT5F1_DROME"
"CG8200","FBgn0024754","Drosophila melanogaster","O61491","FLOT1_DROME"
"CG8200","FBgn0024754","Drosophila melanogaster","O61491","FLOT1_DROME"
"CG8261","FBgn0004921","Drosophila melanogaster","P38040","GBG1_DROME"
"CG8280","FBgn0000556","Drosophila melanogaster","P08736","EF1A1_DROME"
"CG8306","FBgn0034142","Drosophila melanogaster","Q960W6","FACR3_DROME"
"CG8308","FBgn0087040","Drosophila melanogaster","P06606","TBA4_DROME"
"CG8309","FBgn0033902","Drosophila melanogaster","Q7JVI3","EIF3M_DROME"
"CG8340","FBgn0010339","Drosophila melanogaster","P32234","128UP_DROME"
"CG8370","FBgn0034060","Drosophila melanogaster","Q9V7H4","TM131_DROME"
"CG8385","FBgn0010348","Drosophila melanogaster","P61209","ARF1_DROME"
"CG8386","FBgn0034061","Drosophila melanogaster","Q7K1Z5","UFC1_DROME"
"CG8415","FBgn0033912","Drosophila melanogaster","Q8T3U2","RS23_DROME"
"CG8416","FBgn0014020","Drosophila melanogaster","P48148","RHO1_DROME"
"CG8427","FBgn0023167","Drosophila melanogaster","O44437","SMD3_DROME"
"CG8443","FBgn0034087","Drosophila melanogaster","A1ZAB5","CLU_DROME"
"CG8472","FBgn0000253","Drosophila melanogaster","P62152","CALM_DROME"
"CG8495","FBgn0261599","Drosophila melanogaster","Q9VH69","RS29_DROME"
"CG8542","FBgn0001220","Drosophila melanogaster","P29845","HSP7E_DROME"
"CG8553","FBgn0261270","Drosophila melanogaster","O18373","SPS1_DROME"
"CG8597","FBgn0011640","Drosophila melanogaster","Q94901","LARK_DROME"
"CG8605","FBgn0035762","Drosophila melanogaster","Q9VS46","RINT1_DROME"
"CG8615","FBgn0035753","Drosophila melanogaster","Q9VS34","RL18_DROME"
"CG8625","FBgn0011604","Drosophila melanogaster","Q24368","ISWI_DROME"
"CG8635","FBgn0033317","Drosophila melanogaster","Q7JWR9","ZC3HF_DROME"
"CG8695","FBgn0002571","Drosophila melanogaster","P07192","MAL3_DROME"
"CG8705","FBgn0013726","Drosophila melanogaster","P40797","PNUT_DROME"
"CG8715","FBgn0020279","Drosophila melanogaster","Q86S05","LIG_DROME"
"CG8715","FBgn0020279","Drosophila melanogaster","Q86S05","LIG_DROME"
"CG8715","FBgn0020279","Drosophila melanogaster","Q86S05","LIG_DROME"
"CG8759","FBgn0086904","Drosophila melanogaster","Q94518","NACA_DROME"
"CG8764","FBgn0011227","Drosophila melanogaster","Q9XY35","QCR9_DROME"
"CG8798","FBgn0036892","Drosophila melanogaster","Q7KUT2","LONM_DROME"
"CG8798","FBgn0036892","Drosophila melanogaster","Q7KUT2","LONM_DROME"
"CG8804","FBgn0016078","Drosophila melanogaster","Q9V576","WUN_DROME"
"CG8804","FBgn0016078","Drosophila melanogaster","Q9V576","WUN_DROME"
"CG8827","FBgn0012037","Drosophila melanogaster","Q10714","ACE_DROME"
"CG8831","FBgn0033737","Drosophila melanogaster","Q9V6B9","NUP54_DROME"
"CG8857","FBgn0033699","Drosophila melanogaster","Q0E9B6","RS11_DROME"
"CG8882","FBgn0015834","Drosophila melanogaster","O02195","EIF3I_DROME"
"CG8893","FBgn0001092","Drosophila melanogaster","P07487","G3P2_DROME"
"CG8900","FBgn0010411","Drosophila melanogaster","P41094","RS18_DROME"
"CG8905","FBgn0010213","Drosophila melanogaster","Q00637","SODM_DROME"
"CG8922","FBgn0002590","Drosophila melanogaster","Q24186","RS5A_DROME"
"CG8946","FBgn0010591","Drosophila melanogaster","Q9V7Y2","SGPL_DROME"
"CG8967","FBgn0004839","Drosophila melanogaster","Q6AWJ9","PTK7_DROME"
"CG8977","FBgn0015019","Drosophila melanogaster","P48605","TCPG_DROME"
"CG9012","FBgn0000319","Drosophila melanogaster","P29742","CLH_DROME"
"CG9020","FBgn0027093","Drosophila melanogaster","Q9VXN4","SYRC_DROME"
"CG9022","FBgn0014868","Drosophila melanogaster","Q24319","OST48_DROME"
"CG9042","FBgn0001128","Drosophila melanogaster","P13706","GPDA_DROME"
"CG9042","FBgn0001128","Drosophila melanogaster","P13706","GPDA_DROME"
"CG9042","FBgn0001128","Drosophila melanogaster","P13706","GPDA_DROME"
"CG9042","FBgn0001128","Drosophila melanogaster","P13706","GPDA_DROME"
"CG9057","FBgn0030608","Drosophila melanogaster","Q9VXY7","LSD2_DROME"
"CG9070","FBgn0086519","Drosophila melanogaster","Q7JZV0","LCP2A_DROME"
"CG9075","FBgn0001942","Drosophila melanogaster","Q02748","IF4A_DROME"
"CG9091","FBgn0030616","Drosophila melanogaster","Q9VXX8","RL371_DROME"
"CG9124","FBgn0022023","Drosophila melanogaster","Q9U9Q4","EIF3H_DROME"
"CG9126","FBgn0045073","Drosophila melanogaster","P83094","STIM_DROME"
"CG9128","FBgn0035195","Drosophila melanogaster","Q9W0I6","SAC1_DROME"
"CG9132","FBgn0030791","Drosophila melanogaster","Q9VXB0","NECAP_DROME"
"CG9155","FBgn0010246","Drosophila melanogaster","Q23979","MY61F_DROME"
"CG9155","FBgn0010246","Drosophila melanogaster","Q23979","MY61F_DROME"
"CG9155","FBgn0010246","Drosophila melanogaster","Q23979","MY61F_DROME"
"CG9159","FBgn0028419","Drosophila melanogaster","Q9V447","KRH2_DROME"
"CG9181","FBgn0003138","Drosophila melanogaster","Q9W0G1","PTP61_DROME"
"CG9181","FBgn0003138","Drosophila melanogaster","Q9W0G1","PTP61_DROME"
"CG9181","FBgn0003138","Drosophila melanogaster","Q9W0G1","PTP61_DROME"
"CG9193","FBgn0005655","Drosophila melanogaster","P17917","PCNA_DROME"
"CG9206","FBgn0001108","Drosophila melanogaster","P13496","DCTN1_DROME"
"CG9231","FBgn0036887","Drosophila melanogaster","Q9VW12","U389_DROME"
"CG9258","FBgn0015776","Drosophila melanogaster","Q24046","ATPB1_DROME"
"CG9261","FBgn0015777","Drosophila melanogaster","Q24048","ATPB2_DROME"
"CG9261","FBgn0015777","Drosophila melanogaster","Q24048","ATPB2_DROME"
"CG9277","FBgn0003887","Drosophila melanogaster","Q24560","TBB1_DROME"
"CG9282","FBgn0032518","Drosophila melanogaster","Q9VJY6","RL24_DROME"
"CG9327","FBgn0261394","Drosophila melanogaster","P18053","PSA4_DROME"
"CG9375","FBgn0003205","Drosophila melanogaster","P08646","RAS1_DROME"
"CG9429","FBgn0005585","Drosophila melanogaster","P29413","CALR_DROME"
"CG9520","FBgn0032078","Drosophila melanogaster","Q7K237","C1GLT_DROME"
"CG9603","FBgn0040529","Drosophila melanogaster","Q9VHS2","COX7A_DROME"
"CG9614","FBgn0003089","Drosophila melanogaster","Q86BJ3","PIPE_DROME"
"CG9614","FBgn0003089","Drosophila melanogaster","Q86BJ3","PIPE_DROME"
"CG9614","FBgn0003089","Drosophila melanogaster","Q86BJ3","PIPE_DROME"
"CG9614","FBgn0003089","Drosophila melanogaster","Q86BJ3","PIPE_DROME"
"CG9614","FBgn0003089","Drosophila melanogaster","Q86BJ3","PIPE_DROME"
"CG9614","FBgn0003089","Drosophila melanogaster","Q86BJ3","PIPE_DROME"
"CG9614","FBgn0003089","Drosophila melanogaster","Q86BJ3","PIPE_DROME"
"CG9614","FBgn0003089","Drosophila melanogaster","Q86BJ3","PIPE_DROME"
"CG9614","FBgn0003089","Drosophila melanogaster","Q86BJ3","PIPE_DROME"
"CG9614","FBgn0003089","Drosophila melanogaster","Q86BJ3","PIPE_DROME"
"CG9614","FBgn0003089","Drosophila melanogaster","Q86BJ3","PIPE_DROME"
"CG9633","FBgn0010173","Drosophila melanogaster","Q24492","RFA1_DROME"
"CG9677","FBgn0025582","Drosophila melanogaster","O77410","EIF3E_DROME"
"CG9680","FBgn0004556","Drosophila melanogaster","P26802","DDX51_DROME"
"CG9704","FBgn0004108","Drosophila melanogaster","P23654","NRT_DROME"
"CG9705","FBgn0036661","Drosophila melanogaster","Q9VVA0","Y9705_DROME"
"CG9739","FBgn0016797","Drosophila melanogaster","Q9VVX3","FRIZ2_DROME"
"CG9741","FBgn0000447","Drosophila melanogaster","P32748","PYRD_DROME"
"CG9748","FBgn0263231","Drosophila melanogaster","Q9VHP0","DDX3_DROME"
"CG9750","FBgn0040075","Drosophila melanogaster","Q9V3K3","RUVB2_DROME"
"CG9769","FBgn0037270","Drosophila melanogaster","Q9VN50","EI3F1_DROME"
"CG9805","FBgn0037249","Drosophila melanogaster","Q9VN25","EIF3A_DROME"
"CG9805","FBgn0037249","Drosophila melanogaster","Q9VN25","EIF3A_DROME"
"CG9888","FBgn0003062","Drosophila melanogaster","Q9W1V3","FBRL_DROME"
"CG9916","FBgn0004432","Drosophila melanogaster","P25007","PPIA_DROME"
"CG9946","FBgn0261609","Drosophila melanogaster","P41374","IF2A_DROME"
"CG9983","FBgn0001215","Drosophila melanogaster","P07909","ROA1_DROME"
"CG9983","FBgn0001215","Drosophila melanogaster","P07909","ROA1_DROME"
"CG9983","FBgn0001215","Drosophila melanogaster","P07909","ROA1_DROME"
"CG9983","FBgn0001215","Drosophila melanogaster","P07909","ROA1_DROME"
"CG9999","FBgn0003346","Drosophila melanogaster","Q9VIW3","RAGP1_DROME"
